Trans. Date,Post Date,Description,Amount,Category
08/18/2023,08/18/2023,"WALMART STORE 05809 EDINBURG TX",64.69,"Merchandise"
08/22/2023,08/22/2023,"SAM'S FUEL 08250 MCALLEN TX",45.85,"Gasoline"
08/29/2023,08/29/2023,"INTERNET PAYMENT - THANK YOU",-60.00,"Payments and Credits"
09/03/2023,09/03/2023,"CASHBACK BONUS REDEMPTION PYMT/STMT CRDT",-8.81,"Awards and Rebate Credits"
09/04/2023,09/04/2023,"AMZN MKTP US*TL96628I2 AMZN.COM/BILLWA5NF3Y0TPVE4",95.61,"Merchandise"
09/06/2023,09/06/2023,"INTERNET PAYMENT - THANK YOU",-60.00,"Payments and Credits"
10/06/2023,10/06/2023,"INTERNET PAYMENT - THANK YOU",-100.00,"Payments and Credits"
10/08/2023,10/08/2023,"INTERNET PAYMENT - THANK YOU",-59.83,"Payments and Credits"
10/14/2023,10/14/2023,"TEXAS DE BRAZIL MCALLEN MCALLEN TX",281.91,"Restaurants"
10/16/2023,10/17/2023,"STEAM PURCHASE 425-952-2985 WA",74.36,"Travel/ Entertainment"
10/19/2023,10/19/2023,"CITY OF HIDALGO ARENA FO HIDALGO TX",28.00,"Restaurants"
10/19/2023,10/19/2023,"H-E-B GAS #421 ALAMO TX",53.92,"Gasoline"
10/23/2023,10/24/2023,"$100 REFER A FRIEND CREDIT",-100.00,"Awards and Rebate Credits"
11/09/2023,11/09/2023,"INTERNET PAYMENT - THANK YOU",-281.91,"Payments and Credits"
11/13/2023,11/13/2023,"INTERNET PAYMENT - THANK YOU",-50.00,"Payments and Credits"
11/23/2023,11/23/2023,"NEWEGG TEXAS 800-390-1119 CA",632.14,"Merchandise"
11/27/2023,11/27/2023,"CASHBACK BONUS REDEMPTION PYMT/STMT CRDT",-8.28,"Awards and Rebate Credits"
11/27/2023,11/27/2023,"INTERNET PAYMENT - THANK YOU",-323.86,"Payments and Credits"
11/28/2023,11/28/2023,"NEWEGG MARKETPLACE 800-390-1119 TX",32.37,"Merchandise"
12/08/2023,12/08/2023,"STEAM PURCHASE 425-952-2985 WA",31.88,"Travel/ Entertainment"
12/14/2023,12/17/2023,"DOLLAR GENERAL #13269 EDINBURG TXAPPLE PAY ENDING IN 3483",36.46,"Merchandise"
12/18/2023,12/18/2023,"STEAM PURCHASE 425-952-2985 WA",10.61,"Travel/ Entertainment"
12/19/2023,12/19/2023,"CASHBACK BONUS REDEMPTION PYMT/STMT CRDT",-6.96,"Awards and Rebate Credits"
12/19/2023,12/19/2023,"INTERNET PAYMENT - THANK YOU",-90.75,"Payments and Credits"
12/20/2023,12/20/2023,"INTERNET PAYMENT - THANK YOU",-50.00,"Payments and Credits"
12/21/2023,12/21/2023,"INTERNET PAYMENT - THANK YOU",-300.00,"Payments and Credits"
12/21/2023,12/21/2023,"WALMART SC 05809 EDINBURG TX",31.33,"Merchandise"
12/25/2023,12/25/2023,"INTERNET PAYMENT - THANK YOU",-31.33,"Payments and Credits"
01/03/2024,01/03/2024,"CHEVRON 0302506 HIDALGO TXAPPLE PAY ENDING IN 348300302506 0638471 N",2.89,"Gasoline"
01/03/2024,01/03/2024,"CHICK-FIL-A #03518 PHARR TXAPPLE PAY ENDING IN 3483",10.23,"Restaurants"
01/12/2024,01/12/2024,"MCDONALD'S F25554 EDINBURG TXAPPLE PAY ENDING IN 3483",12.72,"Restaurants"
01/14/2024,01/14/2024,"AMAZON.COM*R85TL1JB0 AMZN.COM/BILLWA1KR7HK41EQR",26.55,"Merchandise"
01/15/2024,01/17/2024,"DENNY'S #9508 SAN JUAN TX",20.77,"Restaurants"
01/15/2024,01/17/2024,"DUTCH BROS TX5503 ALAMO ALAMO TX",3.19,"Restaurants"
01/15/2024,01/17/2024,"HOLLISTER #711 MCALLEN TX",54.08,"Merchandise"
01/15/2024,01/17/2024,"HOLLISTER #711 MCALLEN TX",63.81,"Merchandise"
01/19/2024,01/19/2024,"CASHBACK BONUS REDEMPTION PYMT/STMT CRDT",-1.31,"Awards and Rebate Credits"
01/19/2024,01/19/2024,"INTERNET PAYMENT - THANK YOU",-192.93,"Payments and Credits"
01/19/2024,01/19/2024,"SQ *EXPRESS DRIVING SC EDINBURG TX0002305843019150951306",78.00,"Services"
01/22/2024,01/22/2024,"INTERNET PAYMENT - THANK YOU",-158.00,"Payments and Credits"
01/23/2024,01/23/2024,"SUNOCO 0533207700 EDINBURG TX",4.99,"Gasoline"
01/26/2024,01/26/2024,"492 BBQ EDINBURG TX",49.31,"Restaurants"
01/27/2024,01/27/2024,"WHATABURGER 407 Q26 ALAMO TX85",12.38,"Restaurants"
01/28/2024,01/28/2024,"AMAZON.COM*R23E773Y0 AMZN.COM/BILLWA5S46GIENLW8",10.61,"Merchandise"
01/29/2024,01/29/2024,"INTERNET PAYMENT - THANK YOU",-4.99,"Payments and Credits"
01/30/2024,01/30/2024,"INTERNET PAYMENT - THANK YOU",-68.30,"Payments and Credits"
01/31/2024,01/31/2024,"TIKTOK SHOP 6505840896 CAAPPLE PAY ENDING IN 3483",50.92,"Merchandise"
02/03/2024,02/03/2024,"OLD NAVY US 5831 MCALLEN TXAPPLE PAY ENDING IN 348300347R",51.94,"Merchandise"
02/03/2024,02/03/2024,"OLD NAVY US 5831 MCALLEN TXAPPLE PAY ENDING IN 348300397R",77.26,"Merchandise"
02/05/2024,02/05/2024,"AMZN MKTP US*RB7VE4EO0 AMZN.COM/BILLWA64VIQF9JMKN",9.55,"Merchandise"
02/06/2024,02/06/2024,"INTERNET PAYMENT - THANK YOU",-82.34,"Payments and Credits"
02/06/2024,02/06/2024,"TIKTOK SHOP 6505840896 CAAPPLE PAY ENDING IN 3483",21.87,"Merchandise"
02/08/2024,02/08/2024,"AMZN MKTP US*R29QR7RA1 AMZN.COM/BILLWA2ZHGWM2VOBO",29.25,"Merchandise"
02/09/2024,02/09/2024,"AMAZON.COM*RB9HA4L91 AMZN.COM/BILLWA55YNDX7MLYB",61.61,"Merchandise"
02/17/2024,02/17/2024,"INTERNET PAYMENT - THANK YOU",-262.55,"Payments and Credits"
02/18/2024,02/18/2024,"INTERNET PAYMENT - THANK YOU",-60.00,"Payments and Credits"
02/18/2024,02/18/2024,"WL *STEAM PURCHASE 425-889-9642 WA00016J7KVHXUC001001",42.49,"Merchandise"
03/01/2024,03/03/2024,"OLD NAVY US 5831 MCALLEN TXAPPLE PAY ENDING IN 348300153R",-25.97,"Payments and Credits"
03/02/2024,03/02/2024,"FOREVER21 1913 MCALLEN TX",14.06,"Merchandise"
03/02/2024,03/02/2024,"GREAT AMERICAN COOKIES, MCALLEN TX",9.17,"Merchandise"
03/02/2024,03/02/2024,"JASONS DELI SOUTH MCA MCALLEN TX",11.03,"Restaurants"
03/07/2024,03/07/2024,"CHIPOTLE 2888 PHARR TX",15.64,"Restaurants"
03/12/2024,03/12/2024,"WALMART STORE 00397 MCALLEN TX",5.41,"Merchandise"
03/12/2024,03/12/2024,"WALMART STORE 00397 MCALLEN TX",5.98,"Merchandise"
03/14/2024,03/14/2024,"CASHBACK BONUS REDEMPTION PYMT/STMT CRDT",-9.44,"Awards and Rebate Credits"
03/14/2024,03/14/2024,"INTERNET PAYMENT - THANK YOU",-51.85,"Payments and Credits"
03/16/2024,03/16/2024,"INTEREST CHARGE ON PURCHASES",2.73,"Interest"
03/18/2024,03/18/2024,"AMZN MKTP US*RH8ES2BP0 AMZN.COM/BILLWA59XU28VSB5X",26.51,"Merchandise"
03/19/2024,03/19/2024,"AMZN MKTP US*RH2X78KW0 AMZN.COM/BILLWA5KH9VZTI7W8",39.46,"Merchandise"
03/19/2024,03/19/2024,"INTERNET PAYMENT - THANK YOU",-60.00,"Payments and Credits"
03/21/2024,03/21/2024,"AMZN MKTP US*R63I96I81 AMZN.COM/BILLWA2050E7XXI98",418.27,"Merchandise"
03/22/2024,03/22/2024,"AMZN MKTP US*RH3K45LC1 AMZN.COM/BILLWA2IZX2TVN9JN",50.56,"Merchandise"
04/03/2024,04/03/2024,"CHURCH S CHICKEN 01423 EDINBURG TX",41.11,"Restaurants"
04/04/2024,04/04/2024,"WALMART STORE 05809 EDINBURG TX",73.70,"Merchandise"
04/11/2024,04/11/2024,"INTERNET PAYMENT - THANK YOU",-80.00,"Payments and Credits"
04/11/2024,04/11/2024,"SUBWAY 52195 PHARR TXAPPLE PAY ENDING IN 3483",11.90,"Restaurants"
04/12/2024,04/12/2024,"INTUIT *TURBOTAX CL.INTUIT.COMCA34110B1712897329735E8I",93.45,"Merchandise"
04/17/2024,04/17/2024,"CHURCH S CHICKEN 01319 ALAMO TXAPPLE PAY ENDING IN 3483",59.51,"Restaurants"
04/17/2024,04/17/2024,"SUBWAY 52195 PHARR TXAPPLE PAY ENDING IN 3483",9.19,"Restaurants"
04/27/2024,04/27/2024,"BUC-EE'S #22 NEW BRAUNFELSTXAPPLE PAY ENDING IN 348314681256",50.82,"Supermarkets"
04/27/2024,04/27/2024,"BURLINGTON STORES 190 MCALLEN TX",271.65,"Merchandise"
04/28/2024,04/28/2024,"CASHBACK BONUS REDEMPTION PYMT/STMT CRDT",-9.38,"Awards and Rebate Credits"
04/28/2024,04/28/2024,"INTERNET PAYMENT - THANK YOU",-43.44,"Payments and Credits"
04/30/2024,04/30/2024,"WALMART STORE 05809 EDINBURG TX",15.26,"Merchandise"
04/30/2024,05/01/2024,"BURLINGTON STORES 1406 PHARR TX",-76.87,"Payments and Credits"
05/01/2024,05/01/2024,"AMAZON MUSIC*WD9VL14X3 888-802-3080 WA441ON6OZ8H1",6.36,"Merchandise"
05/01/2024,05/01/2024,"INTERNET PAYMENT - THANK YOU",-21.62,"Payments and Credits"
05/02/2024,05/02/2024,"JOE'S BEAUTY SUPPLY, INC 305-463-7888 FLAPPLE PAY ENDING IN 3483",89.99,"Merchandise"
05/03/2024,05/03/2024,"BURLINGTON STORES 190 MCALLEN TX",57.34,"Merchandise"
05/03/2024,05/03/2024,"MACYS LA PLAZA MALL MCALLEN TX",54.11,"Department Stores"
05/04/2024,05/04/2024,"MCDONALD'S F19437 PHARR TXAPPLE PAY ENDING IN 3483",7.11,"Restaurants"
05/04/2024,05/04/2024,"TARGET 00014902091 MCALLEN TX",27.98,"Merchandise"
05/05/2024,05/05/2024,"DOLLAR GENERAL #13269 EDINBURG TXAPPLE PAY ENDING IN 3483",13.81,"Merchandise"
05/05/2024,05/05/2024,"STARBUCKS STORE 21543 EDINBURG TXAPPLE PAY ENDING IN 34832A5DB7904FD9736694",12.94,"Restaurants"
05/06/2024,05/06/2024,"INTERNET PAYMENT - THANK YOU",-100.00,"Payments and Credits"
05/11/2024,05/11/2024,"BORDER TOWN MARKET #8 EDINBURG TX",10.17,"Supermarkets"
05/11/2024,05/11/2024,"DOLLAR GENERAL #19841 DONNA TX",8.50,"Merchandise"
05/14/2024,05/14/2024,"AMZN MKTP US*310PK5QT3 AMZN.COM/BILLWA7CNTPCIJR0X",11.68,"Merchandise"
05/14/2024,05/14/2024,"DELIAS S4 SAN JUAN TX",21.63,"Restaurants"
05/16/2024,05/16/2024,"INTEREST CHARGE ON PURCHASES",20.34,"Interest"
05/16/2024,05/17/2024,"SAM'S FUEL 08250 MCALLEN TX",46.19,"Gasoline"
05/16/2024,05/17/2024,"SAMS SCAN N GO 08250 MCALLEN TX",51.92,"Warehouse Clubs"
05/17/2024,05/17/2024,"AMZN MKTP US*RK0N254N3 AMZN.COM/BILLWA3SBTEA3THQX",100.93,"Merchandise"
05/20/2024,05/20/2024,"INTERNET PAYMENT - THANK YOU",-280.00,"Payments and Credits"
05/22/2024,05/22/2024,"AMAZON.COM*SY8QG7FD3 AMZN.COM/BILLWABMG4PT5ZN34",37.18,"Merchandise"
05/22/2024,05/22/2024,"AMZN MKTP US*JQ1QT0DL3 AMZN.COM/BILLWA5YSHRLIWYZB",54.45,"Merchandise"
05/22/2024,05/22/2024,"INTERNET PAYMENT - THANK YOU",-33.00,"Payments and Credits"
05/22/2024,05/22/2024,"LITTLE CAESARS 3479-0001 EDINBURG TX",32.43,"Restaurants"
05/22/2024,05/22/2024,"WL *STEAM PURCHASE 425-889-9642 WA00016J15MMI8C001001",10.61,"Merchandise"
05/22/2024,05/23/2024,"BURLINGTON STORES 1406 PHARR TX",-45.45,"Payments and Credits"
05/22/2024,05/23/2024,"BURLINGTON STORES 1406 PHARR TX",-21.64,"Payments and Credits"
05/26/2024,05/26/2024,"MURPHY7640ATWALMART DONNA TX",36.11,"Gasoline"
05/28/2024,05/28/2024,"AMZN MKTP US*VI9NW7JL3 AMZN.COM/BILLWA59B5B9FHPAJ",7.92,"Merchandise"
05/28/2024,05/28/2024,"INTERNET PAYMENT - THANK YOU",-37.89,"Payments and Credits"
05/28/2024,05/28/2024,"ROSS STORES #1924 PHARR TX",37.89,"Merchandise"
05/29/2024,05/29/2024,"T J MAXX #1127 EDINBURG TX",55.18,"Merchandise"
05/30/2024,05/30/2024,"AMZN MKTP US*3W9A04LO3 AMZN.COM/BILLWA2HRULNEAIN8",13.37,"Merchandise"
05/30/2024,05/30/2024,"TST* PALENQUE GROUP - ED EDINBURG TX",29.31,"Restaurants"
06/01/2024,06/01/2024,"AMAZON MUSIC*WV0OH38R3 888-802-3080 WA5I5NYYTC98V",6.36,"Merchandise"
06/01/2024,06/01/2024,"DOLLAR TREE EDINBURG TX",9.47,"Merchandise"
06/01/2024,06/01/2024,"ROSS STORES #1269 EDINBURG TX",21.64,"Merchandise"
06/03/2024,06/03/2024,"SHEIN.COM NEW YORK NYAPPLE PAY ENDING IN 3483",49.88,"Merchandise"
06/09/2024,06/09/2024,"INTERNET PAYMENT - THANK YOU",-193.13,"Payments and Credits"
06/11/2024,06/11/2024,"INTERNET PAYMENT - THANK YOU",-286.00,"Payments and Credits"
06/12/2024,06/12/2024,"TARGET 00008243091 MCALLEN TX",97.27,"Merchandise"
06/13/2024,06/13/2024,"AMZN MKTP US*AM56N0A73 AMZN.COM/BILLWA5NDDLLXOK9V",19.64,"Merchandise"
06/14/2024,06/17/2024,"SHEIN.COM NEW YORK NYAPPLE PAY ENDING IN 3483",-12.69,"Payments and Credits"
06/16/2024,06/16/2024,"INTEREST CHARGE ON PURCHASES",29.12,"Interest"
06/17/2024,06/17/2024,"CASHBACK BONUS REDEMPTION PYMT/STMT CRDT",-9.79,"Awards and Rebate Credits"
06/17/2024,06/17/2024,"INTERNET PAYMENT - THANK YOU",-87.48,"Payments and Credits"
06/18/2024,06/18/2024,"INTERNET PAYMENT - THANK YOU",-29.12,"Payments and Credits"
06/19/2024,06/19/2024,"AUNTIE ANNE'S TX223/CINN MCALLEN TX",4.99,"Restaurants"
06/21/2024,06/21/2024,"AMAZON MKTPL*RG1SF77M0 AMZN.COM/BILLWA77ONR1E5Y2Q",10.61,"Merchandise"
06/21/2024,06/21/2024,"SUBWAY 52195 PHARR TXAPPLE PAY ENDING IN 3483",7.13,"Restaurants"
06/27/2024,06/27/2024,"SAMS FUEL 08250 MCALLEN TX",48.77,"Gasoline"
06/27/2024,06/28/2024,"SHEIN.COM NEW YORK NYAPPLE PAY ENDING IN 3483",-31.49,"Payments and Credits"
06/28/2024,06/28/2024,"BURLINGTON STORES 1003 MCALLEN TX",11.36,"Merchandise"
06/30/2024,06/30/2024,"DUTCH BROS TX5905 EDINBU EDINBURG TXAPPLE PAY ENDING IN 3483",11.04,"Restaurants"
06/30/2024,06/30/2024,"H-E-B #172 EDINBURG TX",28.66,"Supermarkets"
06/30/2024,06/30/2024,"JUNIORS SUPERMARKETS2D PHARR TX",20.73,"Supermarkets"
07/01/2024,07/01/2024,"AMAZON MUSIC*RC3TS37L2 888-802-3080 WA1NWPMYZ4NK3",6.36,"Merchandise"
07/02/2024,07/02/2024,"WALGREENS #9075 MCALLEN TXAPPLE PAY ENDING IN 3483",8.43,"Merchandise"
07/03/2024,07/03/2024,"CHICK-FIL-A #03518 9562831020 TXAPPLE PAY ENDING IN 3483",18.62,"Restaurants"
07/03/2024,07/03/2024,"STAPLES 00111070105 PHARR TX",1.09,"Merchandise"
07/04/2024,07/04/2024,"APPLE.COM/BILL 866-712-7753 CAMNY3K1MQ1KA0",84.99,"Merchandise"
07/04/2024,07/05/2024,"BURLINGTON STORES 1406 PHARR TX",-11.36,"Payments and Credits"
07/08/2024,07/08/2024,"INTERNET PAYMENT - THANK YOU",-60.00,"Payments and Credits"
07/11/2024,07/11/2024,"INTERNET PAYMENT - THANK YOU",-203.00,"Payments and Credits"
07/15/2024,07/15/2024,"BLACK MINT FROZEN YOGURT PHARR TXAPPLE PAY ENDING IN 3483",14.19,"Merchandise"
07/15/2024,07/15/2024,"PANDA EXPRESS #1985 MCALLEN TXAPPLE PAY ENDING IN 3483",26.20,"Restaurants"
07/15/2024,07/15/2024,"SHEIN.COM KENT DE",55.35,"Merchandise"
07/16/2024,07/16/2024,"INTEREST CHARGE ON PURCHASES",22.75,"Interest"
07/16/2024,07/17/2024,"SUNOCO 0751646100 PHARR TXAPPLE PAY ENDING IN 3483",3.56,"Gasoline"
07/16/2024,07/17/2024,"VERAS KING O MEATS 1 - E EDINBURG TX",41.92,"Supermarkets"
07/18/2024,07/18/2024,"DOLLAR GENERAL #11415 EDINBURG TX",23.32,"Merchandise"
07/19/2024,07/19/2024,"APPLE.COM/BILL 866-712-7753 CAMNY3LKHTQ1A0",14.11,"Merchandise"
07/20/2024,07/20/2024,"APPLE.COM/BILL 866-712-7753 CAMNY3LT10H0A0",4.24,"Merchandise"
07/20/2024,07/20/2024,"APPLE.COM/BILL 866-712-7753 CAMNY3LT0ZBXA0",10.61,"Merchandise"
07/21/2024,07/21/2024,"INTERNET PAYMENT - THANK YOU",-368.68,"Payments and Credits"
07/22/2024,07/22/2024,"SUNOCO 0751646100 PHARR TX",15.24,"Gasoline"
07/23/2024,07/23/2024,"DILLARDS 727 LA PLAZA MCALLEN TX2024072307270006800019",103.92,"Department Stores"
07/23/2024,07/23/2024,"MCDONALD'S F19437 PHARR TXAPPLE PAY ENDING IN 3483",7.99,"Restaurants"
07/26/2024,07/26/2024,"APPLE.COM/BILL 866-712-7753 CA",2.99,"Merchandise"
07/26/2024,07/26/2024,"STARBUCKS 800-782-7282 800-782-7282 WA1IVJZAZLQ5ZWJV3O",14.29,"Restaurants"
07/26/2024,07/26/2024,"UCHICAGO OFFICIAL BK#238 CHICAGO ILAPPLE PAY ENDING IN 3483",176.30,"Merchandise"
07/28/2024,07/28/2024,"DD *DOORDASH CRUMBLCOO 6506819470 CAAPPLE PAY ENDING IN 3483",22.48,"Restaurants"
07/28/2024,07/28/2024,"SHAKE SHACK - 1209 CHICAGO IL02840R",7.03,"Restaurants"
07/29/2024,07/29/2024,"APPLE.COM/BILL 866-712-7753 CAMNY3M639YKA0",4.77,"Merchandise"
07/29/2024,07/29/2024,"BP#6992986DONGOLA BP DONGOLA ILAPPLE PAY ENDING IN 3483",4.33,"Gasoline"
08/01/2024,08/01/2024,"AMAZON MUSIC*RV5G17K51 888-802-3080 WA3MY2CDGDFDU",6.36,"Merchandise"
08/02/2024,08/02/2024,"DD DOORDASH BURGERKIN 855-973-1040 CAAPPLE PAY ENDING IN 3483",17.84,"Restaurants"
08/05/2024,08/05/2024,"BURGER KING #9930 PHARR TXAPPLE PAY ENDING IN 3483",20.21,"Restaurants"
08/05/2024,08/05/2024,"SUNOCO 0751646100 PHARR TXAPPLE PAY ENDING IN 3483",6.69,"Gasoline"
08/06/2024,08/06/2024,"APPLE.COM/BILL 111-111-1111 CA",1.55,"Merchandise"
08/06/2024,08/06/2024,"CASHBACK BONUS REDEMPTION PYMT/STMT CRDT",-4.98,"Awards and Rebate Credits"
08/06/2024,08/06/2024,"INTERNET PAYMENT - THANK YOU",-195.02,"Payments and Credits"
08/07/2024,08/07/2024,"AMAZON.COM*RF1J19U30 AMZN.COM/BILLWA5ANZP71GB7K",74.62,"Merchandise"
08/08/2024,08/08/2024,"SAMS FUEL 04850 MCALLEN TX",43.74,"Gasoline"
08/09/2024,08/09/2024,"STARBUCKS 800-782-7282 800-782-7282 WAX4SLNKPL7MRJDFKM",7.04,"Restaurants"
08/09/2024,08/11/2024,"SHEIN.COM KENT DE",-6.36,"Payments and Credits"
08/09/2024,08/11/2024,"SHEIN.COM KENT DE",-4.53,"Payments and Credits"
08/11/2024,08/11/2024,"AMAZON MKTPL*RM4133MA1 AMZN.COM/BILLWA2NWRZ4ZBNU4",105.44,"Merchandise"
08/12/2024,08/12/2024,"CINEMARK 1074 ONLINE CINEMARK.COM TXAPPLE PAY ENDING IN 3483",25.76,"Travel/ Entertainment"
08/13/2024,08/13/2024,"INTERNET PAYMENT - THANK YOU",-51.77,"Payments and Credits"
08/14/2024,08/14/2024,"SAM'S CLUB 08250 MCALLEN TX",19.03,"Warehouse Clubs"
08/15/2024,08/15/2024,"TST* PALENQUE GROUP - TP MCALLEN TXAPPLE PAY ENDING IN 3483",36.15,"Restaurants"
08/16/2024,08/16/2024,"INTEREST CHARGE ON PURCHASES",24.74,"Interest"
08/16/2024,08/17/2024,"WALMART.COM 800-925-6278 AR",214.34,"Merchandise"
08/17/2024,08/17/2024,"STARBUCKS 800-782-7282 800-782-7282 WA3LASQ7SUCWDH0H21",14.23,"Restaurants"
08/18/2024,08/18/2024,"APPLE.COM/BILL 866-712-7753 CAMNY3QQSTK9A0",14.11,"Merchandise"
08/18/2024,08/18/2024,"SUNOCO 0751646100 PHARR TXAPPLE PAY ENDING IN 3483",7.65,"Gasoline"
08/19/2024,08/19/2024,"INTERNET PAYMENT - THANK YOU",-215.00,"Payments and Credits"
08/19/2024,08/19/2024,"SHEIN.COM NEW YORK NYAPPLE PAY ENDING IN 3483",3.14,"Merchandise"
08/20/2024,08/20/2024,"CASHBACK BONUS REDEMPTION PYMT/STMT CRDT",-73.57,"Awards and Rebate Credits"
08/20/2024,08/20/2024,"INTERNET PAYMENT - THANK YOU",-200.00,"Payments and Credits"
08/20/2024,08/22/2024,"SHEIN.COM KENT DE",-7.45,"Payments and Credits"
08/20/2024,08/22/2024,"SHEIN.COM KENT DE",-6.75,"Payments and Credits"
08/21/2024,08/21/2024,"INTERNET PAYMENT - THANK YOU",-200.00,"Payments and Credits"
08/22/2024,08/22/2024,"APPLE.COM/BILL 866-712-7753 CAMNY3QQ48GFA0",1.36,"Merchandise"
08/23/2024,08/23/2024,"APPLE.COM/US 800-676-2775 CAW1387813331A1",37.06,"Merchandise"
08/23/2024,08/23/2024,"APPLE.COM/US 800-676-2775 CAW1026186327A627296317",100.00,"Merchandise"
08/23/2024,08/23/2024,"APPLE.COM/US 800-676-2775 CAW1026186327A627296318",477.06,"Merchandise"
08/23/2024,08/23/2024,"APPLE.COM/US 800-692-7753 CA",62.69,"Merchandise"
08/23/2024,08/23/2024,"WALGREENS #12837 ALAMO TX",5.22,"Merchandise"
08/24/2024,08/24/2024,"ACADEMY.COM 888-922-2336 TX443492312",37.88,"Merchandise"
08/24/2024,08/24/2024,"AMAZON MKTPL*R430L5UQ2 AMZN.COM/BILLWA416ORT4CSI5",16.99,"Merchandise"
08/25/2024,08/25/2024,"WL *STEAM PURCHASE 425-889-9642 WA00016J17LNT1C001001",5.30,"Merchandise"
08/26/2024,08/26/2024,"APPLE.COM/BILL 866-712-7753 CAAPPLE PAY ENDING IN 4620MNY3SHGZWQA0",2.99,"Merchandise"
08/27/2024,08/27/2024,"INTERNET PAYMENT - THANK YOU",-320.00,"Payments and Credits"
08/28/2024,08/28/2024,"CHURCH S CHICKEN 02035 PHARR TXAPPLE PAY ENDING IN 3483",3.78,"Restaurants"
08/28/2024,08/28/2024,"CINEMARK 1080 ONLINE CINEMARK.COM TXAPPLE PAY ENDING IN 4620",32.00,"Travel/ Entertainment"
08/28/2024,08/28/2024,"INTERNET PAYMENT - THANK YOU",-20.00,"Payments and Credits"
08/28/2024,08/28/2024,"MCDONALD'S F19437 PHARR TXAPPLE PAY ENDING IN 3483",10.03,"Restaurants"
08/30/2024,08/28/2024,"REPRESENTED INTERNET PAYMENT - THANK YOU",-20.00,"Payments and Credits"
08/30/2024,08/28/2024,"RETURNED INTERNET PMT",20.00,"Payments and Credits"
08/30/2024,08/30/2024,"AMAZON.COM*RK9CG5021 AMZN.COM/BILLWA712DCBMUZ6D",33.99,"Merchandise"
08/30/2024,08/30/2024,"RETURNED CHECK CHARGE",30.00,"Fees"
09/01/2024,09/01/2024,"AMAZON DIGIT*ZT26I6F12 888-802-3080 WA4D0RDNHQHA3",6.36,"Merchandise"
09/01/2024,09/01/2024,"SUNOCO 0376510400 EDINBURG TXAPPLE PAY ENDING IN 3483",4.31,"Gasoline"
09/02/2024,09/02/2024,"AMAZON MKTPL*RK1ZM69L1 AMZN.COM/BILLWA7HVDUB67KNE",26.02,"Merchandise"
09/02/2024,09/02/2024,"APPLE.COM/BILL 111-111-1111 CAAPPLE PAY ENDING IN 4620",5.27,"Merchandise"
09/03/2024,09/03/2024,"CHICK-FIL-A #03926 EDINBURG TX",5.25,"Restaurants"
09/03/2024,09/03/2024,"CHICK-FIL-A #03926 EDINBURG TXAPPLE PAY ENDING IN 5046",36.00,"Restaurants"
09/03/2024,09/03/2024,"INTERNET PAYMENT - THANK YOU",-7.00,"Payments and Credits"
09/03/2024,09/03/2024,"STARBUCKS STORE 21543 EDINBURG TXE4E6131924D6669137",21.76,"Restaurants"
09/04/2024,09/04/2024,"AMAZON MKTPL*ZT1BY5TX1 AMZN.COM/BILLWA1Y3EX6T0AGZ",26.02,"Merchandise"
09/04/2024,09/04/2024,"AMAZON MKTPL*ZT1RH28W2 AMZN.COM/BILLWA12K16G2HH3V",18.03,"Merchandise"
09/04/2024,09/04/2024,"LULULEMONCOM* 877-263-9300 CA41683941T022DNN1",31.39,"Merchandise"
09/05/2024,09/05/2024,"APPLE.COM/US 800-676-2775 CAAPPLE PAY ENDING IN 5046W1399706562A631266935",420.01,"Merchandise"
09/06/2024,09/06/2024,"CHICK-FIL-A #03518 9562831020 TXAPPLE PAY ENDING IN 8978",25.77,"Restaurants"
09/06/2024,09/06/2024,"INTERNET PAYMENT - THANK YOU",-400.00,"Payments and Credits"
09/06/2024,09/06/2024,"SUNOCO 0751646100 PHARR TXAPPLE PAY ENDING IN 8978",6.79,"Gasoline"
09/07/2024,09/07/2024,"DD *DOORDASH CRUMBLCOO 6506819470 CAAPPLE PAY ENDING IN 8978",22.97,"Restaurants"
09/07/2024,09/07/2024,"INTERNET PAYMENT - THANK YOU",-40.00,"Payments and Credits"
09/07/2024,09/07/2024,"TIKTOK MERCHANT CENTRE 6505840896 CAAPPLE PAY ENDING IN 5046",15.00,"Merchandise"
09/08/2024,09/08/2024,"AMAZON PRIME*ZT1GQ1KJ0 AMZN.COM/BILLWA1PZ4OSMNFTI",2.15,"Merchandise"
09/08/2024,09/08/2024,"STARBUCKS STORE 66470 PHARR TXAPPLE PAY ENDING IN 897864928D9E5617659092",16.45,"Restaurants"
09/08/2024,09/09/2024,"AMAZON PRIME AMZN.COM/BILLWA6GM85M0HRDY",-1.08,"Payments and Credits"
09/09/2024,09/09/2024,"AMAZON.COM*ZT8YT2KW1 AMZN.COM/BILLWA67MM9LZ19QO",96.34,"Merchandise"
09/09/2024,09/09/2024,"INTERNET PAYMENT - THANK YOU",-16.45,"Payments and Credits"
09/09/2024,09/09/2024,"SHEIN.COM KENT DE",71.34,"Merchandise"
09/09/2024,09/09/2024,"SUBWAY 52195 PHARR TXAPPLE PAY ENDING IN 8978",9.19,"Restaurants"
09/09/2024,09/09/2024,"SUNOCO 0751646100 PHARR TXAPPLE PAY ENDING IN 8978",2.69,"Gasoline"
09/09/2024,09/10/2024,"$100 REFER A FRIEND CREDIT",-100.00,"Awards and Rebate Credits"
09/10/2024,09/10/2024,"DD *DOORDASH WHATABURG 6506819470 CAAPPLE PAY ENDING IN 8978",13.04,"Restaurants"
09/10/2024,09/10/2024,"INTERNET PAYMENT - THANK YOU",-11.80,"Payments and Credits"
09/10/2024,09/10/2024,"MCDONALD'S F19437 PHARR TXAPPLE PAY ENDING IN 8978",7.24,"Restaurants"
09/10/2024,09/10/2024,"SUNOCO 0723695300 PHARR TXAPPLE PAY ENDING IN 8978",6.97,"Gasoline"
09/10/2024,09/10/2024,"SUNOCO 0751646100 PHARR TXAPPLE PAY ENDING IN 8978",4.20,"Gasoline"
09/11/2024,09/11/2024,"INTERNET PAYMENT - THANK YOU",-13.04,"Payments and Credits"
09/12/2024,09/12/2024,"APPLE.COM/BILL 866-712-7753 CAAPPLE PAY ENDING IN 8978MNY3T5ZNZ9A0",10.61,"Merchandise"
09/12/2024,09/12/2024,"INTERNET PAYMENT - THANK YOU",-120.00,"Payments and Credits"
09/13/2024,09/13/2024,"TIKTOK MERCHANT CENTRE 6505840896 CAAPPLE PAY ENDING IN 5046",73.07,"Merchandise"
09/15/2024,09/15/2024,"DD *DOORDASH WHATABURG 855-973-1040 CAAPPLE PAY ENDING IN 8978",13.04,"Restaurants"
09/15/2024,09/17/2024,"ON AG ZURICH CHEAPPLE PAY ENDING IN 5046",151.55,"Merchandise"
09/15/2024,09/17/2024,"TIKTOK MERCHANT CENTRE 6505840896 CAAPPLE PAY ENDING IN 5046",-73.07,"Payments and Credits"
09/17/2024,09/17/2024,"CASHBACK BONUS REDEMPTION PYMT/STMT CRDT",-29.17,"Awards and Rebate Credits"
09/17/2024,09/17/2024,"INTERNET PAYMENT - THANK YOU",-8.83,"Payments and Credits"
09/18/2024,09/18/2024,"AMAZON MKTPL*K91331P53 AMZN.COM/BILLWA5ABLCLHHOV3",23.46,"Merchandise"
09/18/2024,09/18/2024,"APPLE.COM/BILL 866-712-7753 CAAPPLE PAY ENDING IN 8978MNY3VTY73XA0",14.11,"Merchandise"
09/18/2024,09/18/2024,"INTERNET PAYMENT - THANK YOU",-24.00,"Payments and Credits"
09/18/2024,09/18/2024,"STARBUCKS 800-782-7282 800-782-7282 WA2ZLT7T4TG2MSYFUT",6.98,"Restaurants"
09/20/2024,09/20/2024,"BURGER KING #32335 MCALLEN TXAPPLE PAY ENDING IN 8978",2.37,"Restaurants"
09/21/2024,09/21/2024,"INTERNET PAYMENT - THANK YOU",-38.00,"Payments and Credits"
09/22/2024,09/22/2024,"AMAZON MKTPL*4V5T08ZQ3 AMZN.COM/BILLWA1SQC71K9XGP",37.89,"Merchandise"
09/22/2024,09/22/2024,"INTERNET PAYMENT - THANK YOU",-8.00,"Payments and Credits"
09/23/2024,09/23/2024,"AMAZON MKTPL*E07JS1XW3 AMZN.COM/BILLWA6K0ELRDYG0B",7.57,"Merchandise"
09/23/2024,09/23/2024,"APPLE.COM/BILL 866-712-7753 CAAPPLE PAY ENDING IN 8978MNY3V6V00YA0",0.31,"Merchandise"
09/23/2024,09/23/2024,"INTERNET PAYMENT - THANK YOU",-100.00,"Payments and Credits"
09/24/2024,09/24/2024,"SAM'S FUEL 08250 MCALLEN TX",41.60,"Gasoline"
09/25/2024,09/25/2024,"INTERNET PAYMENT - THANK YOU",-60.00,"Payments and Credits"
09/25/2024,09/25/2024,"STARBUCKS 800-782-7282 800-782-7282 WA2HTPMOYKWPEKPX23",58.67,"Restaurants"
09/26/2024,09/26/2024,"APPLE.COM/BILL 866-712-7753 CAAPPLE PAY ENDING IN 8978MNY3WLH4G0A0",2.99,"Merchandise"
09/27/2024,09/27/2024,"INTERNET PAYMENT - THANK YOU",-10.50,"Payments and Credits"
09/27/2024,09/27/2024,"LIME*RIDE 3I3N 8885463345 CAAPPLE PAY ENDING IN 8978",2.53,"Travel/ Entertainment"
09/27/2024,09/27/2024,"LIME*RIDE 3I3N 8885463345 CAAPPLE PAY ENDING IN 8978",4.96,"Travel/ Entertainment"
09/30/2024,09/30/2024,"ROSS STORES #1924 PHARR TX",63.82,"Merchandise"
10/01/2024,10/01/2024,"AMAZON MUSIC*IM5FW6543 888-802-3080 WA53BYJAZ8IEP",6.36,"Merchandise"
10/03/2024,10/03/2024,"INTERNET PAYMENT - THANK YOU",-100.00,"Payments and Credits"
10/04/2024,10/04/2024,"INTERNET PAYMENT - THANK YOU",-10.61,"Payments and Credits"
10/05/2024,10/06/2024,"AMAZON MKTPLACE PMTS AMZN.COM/BILLWAT6EGIIPLF4T",-37.89,"Payments and Credits"
10/06/2024,10/06/2024,"WL *STEAM PURCHASE 425-889-9642 WA00016J17SZUGC001001",10.61,"Merchandise"
10/08/2024,10/08/2024,"DD *DOORDASH POPEYESLO 855-973-1040 CAAPPLE PAY ENDING IN 8978",11.95,"Restaurants"
10/09/2024,10/09/2024,"AMAZON MKTPL*JS5MV9QN3 AMZN.COM/BILLWA1OU1MVUG7OH",24.68,"Merchandise"
10/09/2024,10/09/2024,"INTERNET PAYMENT - THANK YOU",-100.00,"Payments and Credits"
10/10/2024,10/10/2024,"ALLIANZ TRAVEL INS 800-628-5404 VA",40.02,"Services"
10/10/2024,10/10/2024,"AMAZON MKTPL*Y64B417Q3 AMZN.COM/BILLWA1YJ8FZ32SQC",69.87,"Merchandise"
10/10/2024,10/10/2024,"AMERICAN AIRLINES FT WORTH TX",29.47,"Travel/ Entertainment"
10/10/2024,10/10/2024,"AMERICAN AIRLINES FT WORTH TX",406.95,"Travel/ Entertainment"
10/10/2024,10/10/2024,"INTERNET PAYMENT - THANK YOU",-530.00,"Payments and Credits"
10/11/2024,10/11/2024,"HOPPER *TRAVEL 855-500-3548 MA",44.00,"Travel/ Entertainment"
10/11/2024,10/11/2024,"INTERNET PAYMENT - THANK YOU",-69.00,"Payments and Credits"
10/11/2024,10/11/2024,"UNITED AIRLINES 18004214655 TX",331.66,"Travel/ Entertainment"
10/11/2024,10/11/2024,"WALMART STORE 05809 EDINBURG TX",7.85,"Merchandise"
10/11/2024,10/13/2024,"ROSS STORES #1269 EDINBURG TX",-21.64,"Payments and Credits"
10/12/2024,10/12/2024,"INTERNET PAYMENT - THANK YOU",-300.00,"Payments and Credits"
10/13/2024,10/13/2024,"LIME*PASS 3I3N 8885463345 CAAPPLE PAY ENDING IN 8978",7.62,"Travel/ Entertainment"
10/13/2024,10/13/2024,"STARBUCKS 800-782-7282 800-782-7282 WA2XANURYBQD7VKVMR",7.14,"Restaurants"
10/14/2024,10/14/2024,"WWW.CSCSW.COM 8556624685 NYAPPLE PAY ENDING IN 8978",10.00,"Services"
10/16/2024,10/16/2024,"INTEREST CHARGE ON PURCHASES",20.05,"Interest"
10/16/2024,10/17/2024,"APPLE.COM/US 800-676-2775 CAAPPLE PAY ENDING IN 9405OCNFQRZOHUAHCFFO63TFLX",31.39,"Merchandise"
10/17/2024,10/17/2024,"AMAZON MKTPL*AW4G95A03 AMZN.COM/BILLWA3YDPWT7JLX8",13.85,"Merchandise"
10/17/2024,10/17/2024,"APPLE.COM/US 800-676-2775 CAAPPLE PAY ENDING IN 9405OCNFQRZOHUAHCFFO63TFLX",-31.39,"Payments and Credits"
10/17/2024,10/17/2024,"CASHBACK BONUS REDEMPTION PYMT/STMT CRDT",-17.00,"Awards and Rebate Credits"
10/17/2024,10/17/2024,"INTERNET PAYMENT - THANK YOU",-25.00,"Payments and Credits"
10/17/2024,10/17/2024,"WL *STEAM PURCHASE 425-889-9642 WA00016J17SZUGC001001",-10.61,"Payments and Credits"
10/18/2024,10/18/2024,"INTERNET PAYMENT - THANK YOU",-15.00,"Payments and Credits"
10/19/2024,10/19/2024,"SFGR - SF GREAT AMERIC GURNEE ILAPPLE PAY ENDING IN 8978",10.00,"Travel/ Entertainment"
10/19/2024,10/19/2024,"SIXFLAGS GAM GURNEE IL GURNEE ILAPPLE PAY ENDING IN 897801989R",10.80,"Restaurants"
10/19/2024,10/19/2024,"SIXFLAGS GAM GURNEE IL GURNEE ILAPPLE PAY ENDING IN 897801987R",21.79,"Restaurants"
10/21/2024,10/21/2024,"MARK VEND CO. NORTHBROOK ILAPPLE PAY ENDING IN 8978",2.00,"Restaurants"
10/22/2024,10/22/2024,"DD *DOORDASH POPEYESLO 855-973-1040 CAAPPLE PAY ENDING IN 8978",17.65,"Restaurants"
10/22/2024,10/22/2024,"LIME*RIDE 3I3N 8885463345 CAAPPLE PAY ENDING IN 8978",5.41,"Travel/ Entertainment"
10/25/2024,10/25/2024,"SAMSCLUB.COM 6279 888-746-7726 TX",75.85,"Warehouse Clubs"
10/26/2024,10/26/2024,"INTERNET PAYMENT - THANK YOU",-31.28,"Payments and Credits"
10/26/2024,10/26/2024,"LONE STAR RENT TO OWN PHARR TXAPPLE PAY ENDING IN 5046",1317.35,"Services"
10/27/2024,10/27/2024,"VALVE BELLEVUE WA",8.49,"Merchandise"
10/29/2024,10/29/2024,"AMAZON MKTPL*980112JQ3 AMZN.COM/BILLWA2DCXUPJQ7W5",14.87,"Merchandise"
10/29/2024,10/29/2024,"SAMS FUEL 08250 MCALLEN TX",32.89,"Gasoline"
11/04/2024,11/04/2024,"DD *DOORDASH BURGERKIN 6506819470 CAAPPLE PAY ENDING IN 8978",10.86,"Restaurants"
11/05/2024,11/05/2024,"INTERNET PAYMENT - THANK YOU",-40.00,"Payments and Credits"
11/07/2024,11/07/2024,"INTERNET PAYMENT - THANK YOU",-400.00,"Payments and Credits"
11/08/2024,11/08/2024,"WWW.CSCSW.COM 8556624685 NYAPPLE PAY ENDING IN 8978",5.00,"Services"
11/10/2024,11/10/2024,"WL *STEAM PURCHASE 425-889-9642 WA00016J18RQYWC001001",21.24,"Merchandise"
11/11/2024,11/11/2024,"WL *STEAM PURCHASE 425-889-9642 WA00016J18RQYWC001001",-21.24,"Payments and Credits"
11/16/2024,11/16/2024,"INTEREST CHARGE ON PURCHASES",54.57,"Interest"
11/17/2024,11/17/2024,"DD *DOORDASH SHAKESHAC 6506819470 CAAPPLE PAY ENDING IN 8978",8.40,"Restaurants"
11/18/2024,11/18/2024,"APPLE.COM/BILL 866-712-7753 CAAPPLE PAY ENDING IN 8978MNY4204Q7GA1",14.11,"Merchandise"
11/20/2024,11/20/2024,"CASHBACK BONUS REDEMPTION PYMT/STMT CRDT",-16.50,"Awards and Rebate Credits"
11/20/2024,11/20/2024,"INTERNET PAYMENT - THANK YOU",-83.50,"Payments and Credits"
11/20/2024,11/20/2024,"JD 1043 MCALLEN TX",167.79,"Merchandise"
11/20/2024,11/20/2024,"OLD NAVY US 4550 MCALLEN TX02082R",18.93,"Merchandise"
11/20/2024,11/20/2024,"OLD NAVY US 4550 MCALLEN TX02040R",21.64,"Merchandise"
11/22/2024,11/22/2024,"DD *DOORDASH TACOBELL 6506819470 CAAPPLE PAY ENDING IN 8978",15.40,"Restaurants"
11/22/2024,11/22/2024,"UNITED AIRLINES 18004214655 TXAPPLE PAY ENDING IN 8978",40.00,"Travel/ Entertainment"
11/23/2024,11/23/2024,"MCDONALD'S F17277 CHICAGO ILAPPLE PAY ENDING IN 8978",8.03,"Restaurants"
11/23/2024,11/23/2024,"SAMS FUEL 04850 MCALLEN TX",34.45,"Gasoline"
11/23/2024,11/23/2024,"STARBUCKS B05 ORD CHICAGO ILAPPLE PAY ENDING IN 897863487",9.11,"Restaurants"
11/23/2024,11/23/2024,"UBER *TRIP 866-576-1039 CAAPPLE PAY ENDING IN 8978",62.23,"Travel/ Entertainment"
11/23/2024,11/23/2024,"WHATABURGER 60 Q26 956-383-3991 TXAPPLE PAY ENDING IN 8978DO127276318",5.82,"Restaurants"
11/24/2024,11/24/2024,"BORDER TOWN MARKET #8 EDINBURG TX",6.02,"Supermarkets"
11/24/2024,11/24/2024,"MCDONALDS 17277 CHICAGO ILAPPLE PAY ENDING IN 8978",11.30,"Restaurants"
11/25/2024,11/25/2024,"BURLINGTON STORES 1406 PHARR TXAPPLE PAY ENDING IN 8978",55.05,"Merchandise"
11/26/2024,11/26/2024,"DUTCH BROS TX5905 EDINBU EDINBURG TXAPPLE PAY ENDING IN 8978",15.64,"Restaurants"
11/26/2024,11/26/2024,"SQ *MOBILE GO REPAIR E EDINBURG TXAPPLE PAY ENDING IN 89780002305843021058510931",184.39,"Merchandise"
11/27/2024,11/27/2024,"INTERNET PAYMENT - THANK YOU",-15.64,"Payments and Credits"
11/27/2024,11/27/2024,"SAMS SCAN N GO 04850 MCALLEN TX",19.98,"Warehouse Clubs"
11/28/2024,11/28/2024,"INTERNET PAYMENT - THANK YOU",-273.00,"Payments and Credits"
11/29/2024,11/29/2024,"SE40686 SAN JUAN TX",7.81,"Gasoline"
11/29/2024,11/29/2024,"UNITED AIRLINES 18004214655 TXAPPLE PAY ENDING IN 8978",40.00,"Travel/ Entertainment"
11/29/2024,11/29/2024,"WALMART.COM 800-925-6278 ARW6RUBYFM3SK6",119.52,"Merchandise"
11/30/2024,11/30/2024,"TARGET.COM 800-591-3869 MN",36.57,"Merchandise"
11/30/2024,11/30/2024,"UBER *TRIP 866-576-1039 CAAPPLE PAY ENDING IN 8978",38.35,"Travel/ Entertainment"
12/01/2024,12/01/2024,"AMAZON.COM*Z30EQ8661 AMZN.COM/BILLWA2C2K38GKVPL",30.27,"Merchandise"
12/01/2024,12/01/2024,"TARGET.COM 800-591-3869 MN",11.28,"Merchandise"
12/01/2024,12/01/2024,"UBER *EATS 866-576-1039 CA",14.99,"Restaurants"
12/01/2024,12/01/2024,"WALMART.COM 800-925-6278 ARWQ92BY3EVYQF",87.89,"Merchandise"
12/02/2024,12/02/2024,"INTERNET PAYMENT - THANK YOU",-273.00,"Payments and Credits"
12/02/2024,12/02/2024,"SP ROMA CO. 9105370085 NC",49.82,"Merchandise"
12/02/2024,02/26/2025,"SP ROMA CO. 9105370085 NCREVERSAL OF TEMPORARY CREDIT",49.82,"Merchandise"
12/03/2024,11/28/2024,"REPRESENTED INTERNET PAYMENT - THANK YOU",-273.00,"Payments and Credits"
12/03/2024,11/28/2024,"RETURNED INTERNET PMT",273.00,"Payments and Credits"
12/03/2024,12/03/2024,"AMAZON MKTPL*ZL9FP0L61 AMZN.COM/BILLWA18FY5MTE923",84.14,"Merchandise"
12/03/2024,12/03/2024,"AMAZON.COM*ZL3OT83A1 AMZN.COM/BILLWA3WZ6N2PKDJK",99.20,"Merchandise"
12/03/2024,12/03/2024,"INTERNET PAYMENT - THANK YOU",-160.00,"Payments and Credits"
12/03/2024,12/03/2024,"RETURNED CHECK CHARGE",30.00,"Fees"
12/04/2024,12/04/2024,"AMAZON MKTPL*ZL2FS7RJ2 AMZN.COM/BILLWA455SR9L9936",14.65,"Merchandise"
12/04/2024,12/04/2024,"DD *DOORDASH WIENERSCH 6506819470 CAAPPLE PAY ENDING IN 8978",14.92,"Restaurants"
12/04/2024,12/04/2024,"MACYS .COM MASON OH",60.62,"Department Stores"
12/04/2024,12/04/2024,"MACYS .COM MASON OH",135.31,"Department Stores"
12/04/2024,12/04/2024,"TARGET.COM 800-591-3869 MN",15.66,"Merchandise"
12/05/2024,12/02/2024,"REPRESENTED INTERNET PAYMENT - THANK YOU",-273.00,"Payments and Credits"
12/05/2024,12/02/2024,"RETURNED INTERNET PMT",273.00,"Payments and Credits"
12/05/2024,12/05/2024,"AMAZON MKTPL*ZL20U5VF1 AMZN.COM/BILLWA2DD84030TV4",18.48,"Merchandise"
12/05/2024,12/05/2024,"DD *DOORDASH STRIPES 6506819470 CAAPPLE PAY ENDING IN 8978",14.19,"Restaurants"
12/05/2024,12/05/2024,"JEWEL OSCO #3082 CHICAGO ILAPPLE PAY ENDING IN 8978",5.10,"Supermarkets"
12/05/2024,12/05/2024,"MACYS .COM MASON OH",35.72,"Department Stores"
12/06/2024,12/06/2024,"COACH OUTLET 2129467368 NY",113.66,"Merchandise"
12/06/2024,12/06/2024,"MACYS .COM MASON OH",78.75,"Department Stores"
12/06/2024,12/06/2024,"MCDONALDS 19437 PHARR TX",5.41,"Restaurants"
12/07/2024,12/07/2024,"KURT GEIGER USA INC. KURTGEIGER.USDEAPPLE PAY ENDING IN 8978",100.94,"Merchandise"
12/08/2024,12/08/2024,"AMAZON MKTPL*ZR65995N0 AMZN.COM/BILLWA2XR65HEVMNB",25.79,"Merchandise"
12/08/2024,12/08/2024,"TARGET.COM 800-591-3869 MN",28.91,"Merchandise"
12/08/2024,12/08/2024,"TARGET.COM 800-591-3869 MN",41.15,"Merchandise"
12/08/2024,12/08/2024,"WWW.CSCSW.COM 8556624685 NYAPPLE PAY ENDING IN 8978",5.00,"Services"
12/09/2024,12/02/2024,"RETURNED INTERNET PMT",273.00,"Payments and Credits"
12/09/2024,12/09/2024,"INTERNET PAYMENT - THANK YOU",-350.00,"Payments and Credits"
12/09/2024,12/09/2024,"JEWEL OSCO #3082 CHICAGO ILAPPLE PAY ENDING IN 8978",5.60,"Supermarkets"
12/09/2024,12/09/2024,"TARGET.COM 800-591-3869 MN",4.25,"Merchandise"
12/09/2024,12/09/2024,"TIKTOK SHOP TIKTOK SHOP SHOP.TIKTOK.CCA",20.33,"Merchandise"
12/10/2024,12/10/2024,"INTERNET PAYMENT - THANK YOU",-65.00,"Payments and Credits"
12/10/2024,12/11/2024,"WALMART.COM 800-925-6278 ARW3IFTSJIKT0X",-52.87,"Payments and Credits"
12/11/2024,12/11/2024,"PANDA EXPRESS #2840 P 626-799-9898 ILAPPLE PAY ENDING IN 8978",13.07,"Restaurants"
12/11/2024,12/11/2024,"ROSS STORES #1269 EDINBURG TX",87.57,"Merchandise"
12/11/2024,12/11/2024,"TM *SOUTH POLE ILLUMIN 800-653-8000 CADL2/24-47535",41.20,"Travel/ Entertainment"
12/12/2024,12/12/2024,"AMAZON MKTPL*ZX26G55O0 AMZN.COM/BILLWA3CWF9DUWSK0",34.41,"Merchandise"
12/12/2024,12/12/2024,"AMAZON PRIME*ZX5P34CG1 AMZN.COM/BILLWA3ITKLOF0A7K",16.23,"Merchandise"
12/13/2024,12/13/2024,"WWW.CSCSW.COM 8556624685 NYAPPLE PAY ENDING IN 8978",10.00,"Services"
12/14/2024,12/14/2024,"AMERICAN AIRLINES FT WORTH TXAPPLE PAY ENDING IN 8978",35.00,"Travel/ Entertainment"
12/14/2024,12/14/2024,"MCDONALD'S F26777 CHICAGO ILAPPLE PAY ENDING IN 8978",12.86,"Restaurants"
12/14/2024,12/14/2024,"OLD NAVY US 5831 MCALLEN TXAPPLE PAY ENDING IN 897801431R",59.53,"Merchandise"
12/14/2024,12/14/2024,"TASTY CORN MCALLEN TXAPPLE PAY ENDING IN 8978",14.74,"Merchandise"
12/14/2024,12/14/2024,"UBER *TRIP 866-576-1039 CAAPPLE PAY ENDING IN 8978",56.64,"Travel/ Entertainment"
12/14/2024,12/16/2024,"WALMART SC 05165 ALAMO TX",-52.87,"Payments and Credits"
12/15/2024,12/15/2024,"MCALLEN BOX OFFICE 956-681-3800 TXDL2B491E41-44101",92.00,"Travel/ Entertainment"
12/16/2024,12/16/2024,"BURLINGTON STORES 1406 PHARR TXAPPLE PAY ENDING IN 8978",21.64,"Merchandise"
12/17/2024,12/17/2024,"AMAZON MKTPL*Z11HE8WT2 AMZN.COM/BILLWAMG9V16XOUF5",65.69,"Merchandise"
12/19/2024,12/19/2024,"AMAZON MKTPL*Z90BZ8Q02 AMZN.COM/BILLWA4N0ZA0I5XSF",220.49,"Merchandise"
12/19/2024,12/19/2024,"BURLINGTON STORES 576 EDINBURG TXAPPLE PAY ENDING IN 6001",59.51,"Merchandise"
12/19/2024,12/19/2024,"THE CHILDRENS PLACE 4081 EDINBURG TXAPPLE PAY ENDING IN 6001",16.16,"Merchandise"
12/20/2024,12/20/2024,"H-E-B #172 EDINBURG TXAPPLE PAY ENDING IN 6001",106.85,"Supermarkets"
12/20/2024,12/20/2024,"ROSS STORES #1269 EDINBURG TXAPPLE PAY ENDING IN 6001",23.80,"Merchandise"
12/20/2024,12/20/2024,"THE CHILDRENS PLACE 4081 EDINBURG TXAPPLE PAY ENDING IN 6001",50.81,"Merchandise"
12/21/2024,12/21/2024,"DOLLAR GENERAL #13269 EDINBURG TXAPPLE PAY ENDING IN 6001",11.79,"Merchandise"
12/22/2024,12/22/2024,"SAMS FUEL 04850 MCALLEN TX",45.40,"Gasoline"
12/23/2024,12/23/2024,"BURLINGTON STORES 1406 PHARR TXAPPLE PAY ENDING IN 6001",16.21,"Merchandise"
12/23/2024,12/23/2024,"CHURCH S CHICKEN #2054 SAN JUAN TXAPPLE PAY ENDING IN 6001",33.55,"Restaurants"
12/23/2024,12/23/2024,"TARGET.COM 800-591-3869 MNAPPLE PAY ENDING IN 6001",19.46,"Merchandise"
12/24/2024,12/24/2024,"ROSS STORES #1924 PHARR TX",19.47,"Merchandise"
12/24/2024,12/24/2024,"WALMART STORE 06098 MCALLEN TX",11.33,"Merchandise"
12/24/2024,12/26/2024,"BURLINGTON STORES 1406 PHARR TXAPPLE PAY ENDING IN 6001",-32.45,"Payments and Credits"
12/26/2024,12/26/2024,"INTEREST CHARGE ON PURCHASES",106.83,"Interest"
12/26/2024,12/27/2024,"TARGET.COM 800-591-3869 MNAPPLE PAY ENDING IN 6001",14.49,"Merchandise"
12/27/2024,12/27/2024,"AMAZON PRIME*Z974B7WB1 AMZN.COM/BILLWA68BR0XI0X0K",16.23,"Merchandise"
12/27/2024,12/27/2024,"SAMS SCAN N GO 04850 MCALLEN TXITEM TRANSFERRED FROM PREV ACCOUNT",35.64,"Merchandise"
12/27/2024,12/29/2024,"AMAZON PRIME AMZN.COM/BILLWA76O8XKX7IAG",-16.23,"Payments and Credits"
12/28/2024,12/28/2024,"AMAZON MKTPL*ZP4G04EC2 AMZN.COM/BILLWAR32JY6SV6YX",10.61,"Merchandise"
12/29/2024,12/29/2024,"FAMILY DOLLAR SAN JUAN TXAPPLE PAY ENDING IN 1642",4.25,"Merchandise"
12/30/2024,12/30/2024,"AMAZON MKTPL*ZP4OH9D62 AMZN.COM/BILLWA413JTZF0WE2",239.39,"Merchandise"
12/30/2024,12/30/2024,"FIVE BELOW 1151 PHARR TXAPPLE PAY ENDING IN 1642",2.37,"Merchandise"
12/30/2024,12/30/2024,"HOLLISTER #711 MCALLEN TXAPPLE PAY ENDING IN 1642",31.39,"Merchandise"
12/30/2024,12/30/2024,"SEPHORA LA PLAZA MCALLEN TXAPPLE PAY ENDING IN 164200920003023258",27.06,"Merchandise"
01/01/2025,01/01/2025,"CASHBACK BONUS REDEMPTION PYMT/STMT CRDT",-61.36,"Awards and Rebate Credits"
01/01/2025,01/01/2025,"DUTCH BROS TX5507 SAN JU SAN JUAN TXAPPLE PAY ENDING IN 1642",15.24,"Restaurants"
01/04/2025,01/04/2025,"UBER *ONE 866-576-1039 CAITEM TRANSFERRED FROM PREV ACCOUNT",9.99,"Merchandise"
01/06/2025,01/06/2025,"AMERICANAIR0010264362616 MCALLEN TX",40.00,"Travel/ Entertainment"
01/06/2025,01/06/2025,"IFIX AND REPAIR MCALLEN TXAPPLE PAY ENDING IN 1642",161.29,"Services"
01/07/2025,01/07/2025,"DD *DOORDASH MCDONALDS 6506819470 CAAPPLE PAY ENDING IN 1642",17.52,"Restaurants"
01/07/2025,01/07/2025,"INTERNET PAYMENT - THANK YOU",-940.00,"Payments and Credits"
01/07/2025,01/07/2025,"UBER *TRIP 866-576-1039 CAAPPLE PAY ENDING IN 1642",48.91,"Travel/ Entertainment"
01/07/2025,01/09/2025,"THE CHILDRENS PLACE 4081 EDINBURG TXAPPLE PAY ENDING IN 6001",-28.12,"Payments and Credits"
01/08/2025,01/08/2025,"SHEIN.COM KENT DEITEM TRANSFERRED FROM PREV ACCOUNT",-19.69,"Payments and Credits"
01/08/2025,01/08/2025,"SHEIN.COM KENT DEITEM TRANSFERRED FROM PREV ACCOUNT",84.84,"Merchandise"
01/09/2025,01/09/2025,"BURLINGTON STORES 576 EDINBURG TXAPPLE PAY ENDING IN 6001",119.05,"Merchandise"
01/09/2025,01/09/2025,"DD *DOORDASHDASHPASS 6506819470 CAAPPLE PAY ENDING IN 1642",4.99,"Restaurants"
01/09/2025,01/09/2025,"SHEIN.COM KENT DEITEM TRANSFERRED FROM PREV ACCOUNT",-8.01,"Payments and Credits"
01/09/2025,01/09/2025,"SHEIN.COM KENT DEITEM TRANSFERRED FROM PREV ACCOUNT",-5.38,"Payments and Credits"
01/09/2025,01/09/2025,"SHEIN.COM KENT DEITEM TRANSFERRED FROM PREV ACCOUNT",-4.94,"Payments and Credits"
01/09/2025,01/09/2025,"SHEIN.COM KENT DEITEM TRANSFERRED FROM PREV ACCOUNT",-3.86,"Payments and Credits"
01/09/2025,01/09/2025,"SHEIN.COM KENT DEITEM TRANSFERRED FROM PREV ACCOUNT",-3.68,"Payments and Credits"
01/09/2025,01/09/2025,"SHEIN.COM KENT DEITEM TRANSFERRED FROM PREV ACCOUNT",-3.04,"Payments and Credits"
01/09/2025,01/09/2025,"TRANSFER BALANCE",-49.82,"Payments and Credits"
01/10/2025,12/12/2024,"ADJUSTMENT - INTEREST CHARGE",0.34,"Payments and Credits"
01/10/2025,12/12/2024,"AMAZON PRIME*ZX5P34CG1 AMZN.COM/BILLWASECURITY DISPUTE ADJUSTMENT",-16.23,"Payments and Credits"
01/10/2025,01/10/2025,"AMAZON MKTPL*ZD3MU5ZX1 AMZN.COM/BILLWA4J6IZW4VG6L",18.73,"Merchandise"
01/10/2025,01/10/2025,"AMAZON MKTPL*ZD5DS3S80 AMZN.COM/BILLWAFXTGTKH84VB",16.53,"Merchandise"
01/10/2025,01/10/2025,"AMAZON.COM*ZD9SE3DF0 AMZN.COM/BILLWA6OEAY5OOL32",3.74,"Merchandise"
01/10/2025,01/10/2025,"INTERNET PAYMENT - THANK YOU",-15.60,"Payments and Credits"
01/10/2025,01/10/2025,"RETURNED CHECK CHARGE",30.00,"Fees"
01/10/2025,01/10/2025,"SHEIN.COM 201-299-2012 CAITEM TRANSFERRED FROM PREV ACCOUNT",77.37,"Merchandise"
01/10/2025,01/10/2025,"SHEIN.COM 201-299-2012 CAITEM TRANSFERRED FROM PREV ACCOUNT",137.50,"Merchandise"
01/10/2025,01/10/2025,"SHEIN.COM KENT DEITEM TRANSFERRED FROM PREV ACCOUNT",-23.63,"Payments and Credits"
01/10/2025,01/10/2025,"SHEIN.COM KENT DEITEM TRANSFERRED FROM PREV ACCOUNT",-10.23,"Payments and Credits"
01/10/2025,01/10/2025,"SHEIN.COM KENT DEITEM TRANSFERRED FROM PREV ACCOUNT",-2.38,"Payments and Credits"
01/10/2025,01/12/2025,"AMAZON MKTPLACE PMTS AMZN.COM/BILLWA1TQVCC90U62",-216.91,"Payments and Credits"
01/11/2025,01/11/2025,"VALVE BELLEVUE WA",10.81,"Merchandise"
01/12/2025,01/12/2025,"BURLINGTON STORES 1003 MCALLEN TX",16.24,"Merchandise"
01/12/2025,01/12/2025,"DD *DOORDASH PIZZAHUT 855-973-1040 CAAPPLE PAY ENDING IN 1642",16.26,"Restaurants"
01/14/2025,01/14/2025,"PAPA JOHN'S #4169 CHICAGO ILAPPLE PAY ENDING IN 1642",11.01,"Restaurants"
01/15/2025,01/15/2025,"SW AIR DALLAS TX",388.36,"Travel/ Entertainment"
01/16/2025,01/16/2025,"JEWEL OSCO #3082 CHICAGO ILAPPLE PAY ENDING IN 1642",16.20,"Supermarkets"
01/16/2025,01/16/2025,"K COLLEGE* K COLLEGE F 2693377175 MI",51.48,"Education"
01/17/2025,01/17/2025,"DD *DOORDASH PIPORROTA 6506819470 CA",12.73,"Restaurants"
01/18/2025,01/18/2025,"SHEIN.COM 201-299-2012 CA",56.63,"Merchandise"
01/20/2025,01/20/2025,"DD *DOORDASH STARBUCKS 6506819470 CA",14.67,"Restaurants"
01/20/2025,01/20/2025,"JEWEL OSCO #3082 CHICAGO ILAPPLE PAY ENDING IN 1642",9.23,"Supermarkets"
01/21/2025,01/21/2025,"AMAZON.COM*ZC1NR31C2 AMZN.COM/BILLWA7D9XAH5IPO8",16.17,"Merchandise"
01/21/2025,01/21/2025,"OPENAI *CHATGPT SUBSCR 4158799686 CA",21.28,"Merchandise"
01/22/2025,01/22/2025,"DD *DOORDASH BEARYBOBA 6506819470 CA",18.87,"Restaurants"
01/22/2025,01/22/2025,"TRANSFER BALANCE",49.82,"Other/ Miscellaneous"
01/22/2025,01/22/2025,"WL *STEAM PURCHASE 425-889-9642 WA00016J1A3CMMC001001",5.10,"Merchandise"
01/23/2025,12/02/2024,"ADJUSTMENT - INTEREST CHARGE",-0.91,"Payments and Credits"
01/23/2025,12/02/2024,"SP ROMA CO. 9105370085 NCTEMPORARY CREDIT PENDING INVESTIGATION",-49.82,"Payments and Credits"
01/23/2025,01/23/2025,"AMAZON MKTPL*ZG42Q44X1 AMZN.COM/BILLWA7KSQTUBSXO1",13.22,"Merchandise"
01/23/2025,01/23/2025,"AMAZON MKTPL*ZG9RG1230 AMZN.COM/BILLWA2KWP1KJ5IIZ",11.00,"Merchandise"
01/23/2025,01/23/2025,"INTERNET PAYMENT - THANK YOU",-358.00,"Payments and Credits"
01/23/2025,01/23/2025,"REFUND OF INTEREST CHARGED",-0.15,"Payments and Credits"
01/23/2025,01/23/2025,"WWW.CSCSW.COM 8556624685 NYAPPLE PAY ENDING IN 1642",5.00,"Services"
01/25/2025,01/25/2025,"AMAZON MKTPL*ZC0AI9W02 AMZN.COM/BILLWA48T621JH9N0",23.80,"Merchandise"
01/25/2025,01/25/2025,"INTERNET PAYMENT - THANK YOU",-23.80,"Payments and Credits"
01/26/2025,01/26/2025,"INTEREST CHARGE ON PURCHASES",111.43,"Interest"
01/26/2025,01/27/2025,"AMAZON MKTPLACE PMTS AMZN.COM/BILLWA6DHP4YKNXS8",-84.14,"Payments and Credits"
01/26/2025,01/27/2025,"SP HEY DUDE SHOES 3238484896 CO",64.94,"Merchandise"
01/27/2025,01/27/2025,"AMAZON.COM*Z77IJ8NF2 AMZN.COM/BILLWA1UBR9YMGV1W",11.88,"Merchandise"
01/27/2025,01/29/2025,"BURLINGTON STORES 576 EDINBURG TX",-16.24,"Payments and Credits"
01/28/2025,01/28/2025,"CASHBACK BONUS REDEMPTION PYMT/STMT CRDT",-35.96,"Awards and Rebate Credits"
01/28/2025,01/28/2025,"DICKSSPORTINGGOODS.COM 0000000000 PA",173.19,"Merchandise"
01/28/2025,01/28/2025,"INTERNET PAYMENT - THANK YOU",-50.00,"Payments and Credits"
01/28/2025,01/28/2025,"VALVE BELLEVUE WA",15.93,"Merchandise"
01/31/2025,01/31/2025,"WWW.CSCSW.COM 8556624685 NYAPPLE PAY ENDING IN 1642",10.00,"Services"
02/01/2025,02/01/2025,"SHEIN.COM KENT DE",56.00,"Merchandise"
02/03/2025,02/03/2025,"WHATABURGER 7 Q26 956-682-0166 TXAPPLE PAY ENDING IN 1642DO136257453",5.82,"Restaurants"
02/04/2025,02/04/2025,"INTERNET PAYMENT - THANK YOU",-400.00,"Payments and Credits"
02/04/2025,02/04/2025,"UBER *ONE 866-576-1039 CAITEM TRANSFERRED FROM PREV ACCOUNT",9.99,"Merchandise"
02/06/2025,02/06/2025,"APPLE.COM/US 800-692-7753 CAAPPLE PAY ENDING IN 6001",105.19,"Merchandise"
02/06/2025,02/06/2025,"CTLP*MARK VEND COMPANY NORTHBROOK ILAPPLE PAY ENDING IN 1642",2.25,"Restaurants"
02/08/2025,02/08/2025,"JEWEL OSCO #3082 CHICAGO ILAPPLE PAY ENDING IN 1642",11.43,"Supermarkets"
02/09/2025,02/09/2025,"UBER *EATS 866-576-1039 CAAPPLE PAY ENDING IN 1642",19.78,"Restaurants"
02/13/2025,02/13/2025,"DD *DOORDASH MCDONALDS 6506819470 CA",19.53,"Restaurants"
02/15/2025,02/15/2025,"CITY OF HIDALGO ARENA HIDALGO TX",23.00,"Restaurants"
02/16/2025,02/16/2025,"DD *DOORDASH BABASFAMO 855-973-1040 CAAPPLE PAY ENDING IN 1642",10.25,"Restaurants"
02/16/2025,02/16/2025,"DD *DOORDASH CINNAMOM 855-973-1040 CAAPPLE PAY ENDING IN 1642",16.15,"Restaurants"
02/17/2025,02/17/2025,"AMAZON MKTPL*NP42H6ZB3 AMZN.COM/BILLWAL55ZJ922EV1",13.57,"Merchandise"
02/17/2025,02/17/2025,"AMAZON MKTPL*WO7KA13I3 AMZN.COM/BILLWA1FK9KEBZT6V",8.70,"Merchandise"
02/17/2025,02/17/2025,"INTERNET PAYMENT - THANK YOU",-200.00,"Payments and Credits"
02/18/2025,02/18/2025,"AMAZON.COM*0G4XT41G3 AMZN.COM/BILLWA24XGLVEZABH",5.74,"Merchandise"
02/19/2025,02/19/2025,"WWW.CSCSW.COM 8556624685 NYAPPLE PAY ENDING IN 1642",10.00,"Services"
02/20/2025,02/20/2025,"SP MOUSEPAD CO 4244445441 CAITEM TRANSFERRED FROM PREV ACCOUNT",51.88,"Merchandise"
02/21/2025,02/21/2025,"AMAZON PRIME*TN25Q2Z33 AMZN.COM/BILLWA6URLKPHB3VJ",16.23,"Merchandise"
02/21/2025,02/21/2025,"JEWEL OSCO #3082 CHICAGO ILAPPLE PAY ENDING IN 1642",8.30,"Supermarkets"
02/21/2025,02/21/2025,"OPENAI *CHATGPT SUBSCR 4158799686 CA",21.28,"Merchandise"
02/21/2025,02/21/2025,"SHEIN.COM 201-299-2012 CAITEM TRANSFERRED FROM PREV ACCOUNT",-35.75,"Payments and Credits"
02/21/2025,02/21/2025,"SHEIN.COM 201-299-2012 CAITEM TRANSFERRED FROM PREV ACCOUNT",-22.30,"Payments and Credits"
02/21/2025,02/21/2025,"SHEIN.COM 201-299-2012 CAITEM TRANSFERRED FROM PREV ACCOUNT",-14.29,"Payments and Credits"
02/22/2025,02/22/2025,"JEWEL OSCO #3082 CHICAGO ILAPPLE PAY ENDING IN 1642",6.43,"Supermarkets"
02/23/2025,02/23/2025,"AMAZON MKTPL*886PU31A3 AMZN.COM/BILLWA1VZTZF4PQA0",20.50,"Merchandise"
02/23/2025,02/23/2025,"WALMART.COM 800-925-6278 AR",45.18,"Merchandise"
02/24/2025,02/24/2025,"AMAZON MKTPL*U00262K53 AMZN.COM/BILLWA2GB0B6UFB14",10.77,"Merchandise"
02/26/2025,02/26/2025,"INTEREST CHARGE ON PURCHASES",112.14,"Interest"
02/27/2025,02/27/2025,"APPLE.COM/US 800-676-2775 CAAPPLE PAY ENDING IN 1642W1360229201A1",377.79,"Merchandise"
02/28/2025,02/28/2025,"SUBWAY 52195 PHARR TXAPPLE PAY ENDING IN 1642",11.13,"Restaurants"
03/01/2025,03/01/2025,"DD *DOORDASH CHICK-FIL 855-973-1040 CAAPPLE PAY ENDING IN 1642",13.68,"Restaurants"
03/01/2025,03/01/2025,"JEWEL OSCO #3082 CHICAGO ILAPPLE PAY ENDING IN 1642",14.93,"Supermarkets"
03/02/2025,03/02/2025,"DD *DOORDASH DAVESHOTC 855-973-1040 CAAPPLE PAY ENDING IN 1642",21.56,"Restaurants"
03/03/2025,03/03/2025,"AMAZON.COM*U50AO1W53 AMZN.COM/BILLWA3S7D2DYR6BE",25.55,"Merchandise"
03/03/2025,03/03/2025,"APPLE.COM/BILL 866-712-7753 CAMNY4GH41QXA0",11.68,"Merchandise"
03/03/2025,03/03/2025,"INTEREST CHARGE REFUND",-0.04,"Payments and Credits"
03/03/2025,03/03/2025,"SHEIN.COM KENT DE",68.38,"Merchandise"
03/03/2025,03/03/2025,"TRANSFER BALANCE",-49.82,"Payments and Credits"
03/04/2025,03/04/2025,"AMAZON MKTPL*F22LK6J23 AMZN.COM/BILLWA57YR089Q1B4",23.91,"Merchandise"
03/04/2025,03/04/2025,"AMAZON MKTPL*VT0KG2JF3 AMZN.COM/BILLWALW9IHTXXYMX",49.59,"Merchandise"
03/04/2025,03/04/2025,"UBER *ONE 866-576-1039 CAITEM TRANSFERRED FROM PREV ACCOUNT",9.99,"Merchandise"
03/04/2025,03/04/2025,"WWW.CSCSW.COM 8556624685 NYAPPLE PAY ENDING IN 1642",5.00,"Services"
03/05/2025,03/05/2025,"UCHICAGO OFFICIAL BK#238 CHICAGO ILAPPLE PAY ENDING IN 1642",10.97,"Merchandise"
03/07/2025,03/07/2025,"AMAZON MKTPL*JP9LB1AJ3 AMZN.COM/BILLWA1U4J01DNQVG",23.80,"Merchandise"
03/07/2025,03/07/2025,"DD *DOORDASH CINNAMOM 855-973-1040 CAAPPLE PAY ENDING IN 1642",16.11,"Restaurants"
03/08/2025,03/08/2025,"LULULEMON LA PLAZA MAL MCALLEN TXAPPLE PAY ENDING IN 164298943",127.74,"Merchandise"
03/08/2025,03/08/2025,"STARBUCKS 56519 MCALLEN TXAPPLE PAY ENDING IN 1642",3.44,"Restaurants"
03/08/2025,03/08/2025,"TST* AMY'S ICE CREAMS - AUSTIN TXAPPLE PAY ENDING IN 1642",8.12,"Restaurants"
03/13/2025,03/13/2025,"AMAZON MKTPL*O10XU07R3 AMZN.COM/BILLWA5EVJOB5AXSD",35.60,"Merchandise"
03/13/2025,03/13/2025,"MCDONALDS 19437 PHARR TX",7.07,"Restaurants"
03/14/2025,03/14/2025,"MCDONALDS 19437 PHARR TX",2.75,"Restaurants"
03/15/2025,03/15/2025,"APPLE.COM/BILL 866-712-7753 CAMNY4HVF8KBA0",3.18,"Merchandise"
03/15/2025,03/15/2025,"LEGO LA PLAZA MALL MCALLEN TXAPPLE PAY ENDING IN 1642",16.23,"Merchandise"
03/15/2025,03/15/2025,"TST*ROSSINA PLAZA MALL MCALLEN TXAPPLE PAY ENDING IN 164200155981023629093939AA",21.12,"Restaurants"
03/16/2025,03/16/2025,"MCDONALDS 19437 PHARR TX",9.18,"Restaurants"
03/18/2025,03/18/2025,"APPLE.COM/BILL 866-712-7753 CA",14.11,"Merchandise"
03/18/2025,03/18/2025,"CINEMARK PLANO TX",11.90,"Travel/ Entertainment"
03/18/2025,03/18/2025,"DD *DOORDASH TROPICALS 855-973-1040 CAAPPLE PAY ENDING IN 1642",22.05,"Restaurants"
03/18/2025,03/18/2025,"DOLLAR GENERAL #19617 PHARR TXAPPLE PAY ENDING IN 1642",13.00,"Merchandise"
03/18/2025,06/06/2025,"CINEMARK PLANO TXREVERSAL OF TEMPORARY CREDIT",11.90,"Merchandise"
03/19/2025,03/19/2025,"CASHBACK BONUS REDEMPTION PYMT/STMT CRDT",-15.77,"Awards and Rebate Credits"
03/19/2025,03/19/2025,"CINEMARK 93 ONLINE CINEMARK.COM TX",11.90,"Travel/ Entertainment"
03/19/2025,03/19/2025,"INTERNET PAYMENT - THANK YOU",-299.73,"Payments and Credits"
03/20/2025,03/20/2025,"INTERNET PAYMENT - THANK YOU",-200.00,"Payments and Credits"
03/21/2025,03/21/2025,"APPLE.COM/BILL 866-712-7753 CAMNY4JGGZ7LA0",1.05,"Merchandise"
03/21/2025,03/21/2025,"APPLE.COM/BILL 866-712-7753 CAMNY4JJTZS9A0",1.05,"Merchandise"
03/21/2025,03/21/2025,"APPLE.COM/BILL 866-712-7753 CAMNY4JJV533A0",1.05,"Merchandise"
03/21/2025,03/21/2025,"OPENAI *CHATGPT SUBSCR 4158799686 CA",21.28,"Merchandise"
03/22/2025,03/22/2025,"APPLE.COM/BILL 866-712-7753 CAMNY4JL0HQNA0",7.43,"Merchandise"
03/24/2025,03/24/2025,"BESTBUY.COM 888-237-8289 MNAPPLE PAY ENDING IN 1642",194.84,"Merchandise"
03/26/2025,03/26/2025,"INTEREST CHARGE ON PURCHASES",117.14,"Interest"
03/26/2025,03/27/2025,"APPLE.COM/BILL 866-712-7753 CAMNY4K066HSA0",2.99,"Merchandise"
03/26/2025,03/27/2025,"DD *DOORDASH TROPICALS 6506819470 CA",19.70,"Restaurants"
03/27/2025,03/27/2025,"AMAZON.COM*5Q4UW1KQ3 AMZN.COM/BILLWA2V4106LYBNB",9.70,"Merchandise"
03/29/2025,03/29/2025,"AMAZON MKTPL*ZD5OG7KJ3 AMZN.COM/BILLWA3OOAB1WG3Q4",16.50,"Merchandise"
03/29/2025,03/29/2025,"DD *DOORDASH SUBWAY 855-973-1040 CAAPPLE PAY ENDING IN 1642",13.73,"Restaurants"
03/29/2025,03/29/2025,"SHEIN.COM KENT DEITEM TRANSFERRED FROM PREV ACCOUNT",41.41,"Merchandise"
03/29/2025,03/29/2025,"VALVE BELLEVUE WA",18.05,"Merchandise"
03/30/2025,03/30/2025,"CASHBACK BONUS REDEMPTION PYMT/STMT CRDT",-19.73,"Awards and Rebate Credits"
03/30/2025,03/30/2025,"DD *DOORDASH RAISINGCA 6506819470 CA",16.44,"Restaurants"
03/30/2025,03/30/2025,"INTERNET PAYMENT - THANK YOU",-16.44,"Payments and Credits"
03/31/2025,03/31/2025,"INTERNET PAYMENT - THANK YOU",-24.52,"Payments and Credits"
04/01/2025,04/01/2025,"DD *DOORDASH TROPICALS 855-973-1040 CAAPPLE PAY ENDING IN 1642",25.57,"Restaurants"
04/01/2025,04/01/2025,"POPEYES 10926 CHICAGO ILAPPLE PAY ENDING IN 1642",5.57,"Restaurants"
04/01/2025,04/01/2025,"SHEIN.COM NEW YORK NYAPPLE PAY ENDING IN 1642",21.65,"Merchandise"
04/02/2025,03/31/2025,"REPRESENTED INTERNET PAYMENT - THANK YOU",-24.52,"Payments and Credits"
04/02/2025,03/31/2025,"RETURNED INTERNET PMT",24.52,"Payments and Credits"
04/02/2025,04/02/2025,"ADAM MAIL 800-794-3316 NCAPPLE PAY ENDING IN 164220250402075022992-9E57",40.61,"Merchandise"
04/02/2025,04/02/2025,"RETURNED CHECK CHARGE",30.00,"Fees"
04/03/2025,04/03/2025,"APPLE.COM/BILL 866-712-7753 CAMNY4KVHXWDA0",11.68,"Merchandise"
04/04/2025,04/04/2025,"AMAZON MKTPL*TD3XF40L3 AMZN.COM/BILLWA4HCR1AKXY86",36.09,"Merchandise"
04/04/2025,04/04/2025,"DD *DOORDASH MCDONALDS 855-973-1040 CAAPPLE PAY ENDING IN 1642",13.81,"Restaurants"
04/04/2025,04/04/2025,"DD *DOORDASH MCDONALDS 855-973-1040 CAAPPLE PAY ENDING IN 1642",16.73,"Restaurants"
04/04/2025,04/04/2025,"INTERNET PAYMENT - THANK YOU",-50.00,"Payments and Credits"
04/04/2025,04/04/2025,"UBER *ONE 866-576-1039 CAITEM TRANSFERRED FROM PREV ACCOUNT",9.99,"Merchandise"
04/05/2025,04/05/2025,"AMAZON MKTPL*UA9AB9G23 AMZN.COM/BILLWA6N4QUM7NLRH",58.44,"Merchandise"
04/05/2025,04/05/2025,"APPLE.COM/BILL 866-712-7753 CAMNY4L4HV9DA0",0.31,"Merchandise"
04/05/2025,04/05/2025,"INTERNET PAYMENT - THANK YOU",-150.00,"Payments and Credits"
04/08/2025,04/08/2025,"JEWEL OSCO #3082 CHICAGO ILAPPLE PAY ENDING IN 1642",3.23,"Supermarkets"
04/08/2025,04/08/2025,"SP WILDFLOWER CASES 8883175595 CA",45.41,"Merchandise"
04/09/2025,04/09/2025,"UBER *EATS 866-576-1039 CA",16.31,"Restaurants"
04/10/2025,04/10/2025,"SHEIN.COM KENT DE",51.64,"Merchandise"
04/10/2025,04/10/2025,"UBER *EATS 866-576-1039 CA",15.97,"Restaurants"
04/10/2025,04/10/2025,"UCD MIDWAY MARKET CHICAGO ILAPPLE PAY ENDING IN 1642",19.48,"Restaurants"
04/11/2025,04/11/2025,"CRYSTALKELLYSTUDIO 8665165130 TX",16.24,"Services"
04/11/2025,04/11/2025,"INTERNET PAYMENT - THANK YOU",-16.00,"Payments and Credits"
04/12/2025,04/12/2025,"DD *DOORDASH BURGERKIN 855-973-1040 CAAPPLE PAY ENDING IN 1642",16.35,"Restaurants"
04/12/2025,04/12/2025,"UBER *EATS 866-576-1039 CA",17.36,"Restaurants"
04/13/2025,04/13/2025,"DD *DOORDASH EXQUISITE 855-973-1040 CAAPPLE PAY ENDING IN 1642",123.87,"Restaurants"
04/13/2025,04/13/2025,"UBER TRIP* TRIP 8665761039 CA",11.95,"Travel/ Entertainment"
04/13/2025,04/13/2025,"WWW.CSCSW.COM 8556624685 NYAPPLE PAY ENDING IN 1642",5.00,"Services"
04/14/2025,04/14/2025,"DD *DOORDASH WENDYS 855-973-1040 CAAPPLE PAY ENDING IN 1642",10.90,"Restaurants"
04/15/2025,04/15/2025,"DD *DOORDASH STARBUCKS 855-973-1040 CAAPPLE PAY ENDING IN 1642",15.40,"Restaurants"
04/15/2025,04/15/2025,"INTERNET PAYMENT - THANK YOU",-51.40,"Payments and Credits"
04/16/2025,04/16/2025,"POPEYES 10926 CHICAGO ILAPPLE PAY ENDING IN 1642",2.78,"Restaurants"
04/18/2025,04/18/2025,"APPLE.COM/BILL 866-712-7753 CAMNY4MDFGS0A0",14.11,"Merchandise"
04/18/2025,04/18/2025,"CINEMARK PLANO TX",11.90,"Travel/ Entertainment"
04/18/2025,04/18/2025,"INTERNET PAYMENT - THANK YOU",-400.00,"Payments and Credits"
04/18/2025,06/11/2025,"CINEMARK PLANO TXREVERSAL OF TEMPORARY CREDIT",11.90,"Merchandise"
04/18/2025,06/20/2025,"SALE CHARGEBACK REPOST -REPOST OF DISPUTED TRANSACTION",11.90,"Merchandise"
04/21/2025,04/21/2025,"OPENAI *CHATGPT SUBSCR 4158799686 CA",21.28,"Merchandise"
04/23/2025,04/23/2025,"DD *DOORDASH PANDAEXPR 855-973-1040 CAAPPLE PAY ENDING IN 1642",16.70,"Restaurants"
04/23/2025,04/23/2025,"RBLX PREM 18888582569 8888582569 CA",5.30,"Merchandise"
04/25/2025,04/27/2025,"DD *DOORDASH MCDONALDS 855-973-1040 CAAPPLE PAY ENDING IN 1642",8.51,"Restaurants"
04/26/2025,04/26/2025,"INTEREST CHARGE ON PURCHASES",136.70,"Interest"
04/26/2025,04/27/2025,"APPLE.COM/BILL 866-712-7753 CAMNY4N7HQTDA0",2.99,"Merchandise"
04/26/2025,04/27/2025,"WWW.CSCSW.COM 8556624685 NYAPPLE PAY ENDING IN 1642",5.00,"Services"
04/27/2025,04/27/2025,"DD *DOORDASH STARBUCKS 855-973-1040 CAAPPLE PAY ENDING IN 1642",14.27,"Restaurants"
04/27/2025,04/27/2025,"MCDONALDS 7050 CHICAGO ILAPPLE PAY ENDING IN 1642",2.22,"Restaurants"
04/28/2025,04/28/2025,"ROBLOX 1.888.858.2569 8888582569 CA",5.30,"Merchandise"
04/29/2025,04/29/2025,"SW AIR DALLAS TX",209.18,"Travel/ Entertainment"
04/29/2025,04/29/2025,"SW AIR DALLAS TX",367.36,"Travel/ Entertainment"
04/29/2025,04/29/2025,"UBER *TRIP 866-576-1039 CAITEM TRANSFERRED FROM PREV ACCOUNT",9.96,"Merchandise"
05/01/2025,05/01/2025,"AMAZON MKTPL*N27I19721 AMZN.COM/BILLWA72UI3U3QHF5",1.15,"Merchandise"
05/01/2025,05/01/2025,"AMAZON.COM*ER0W06UW3 AMZN.COM/BILLWA35JLARJVL5P",8.58,"Merchandise"
05/02/2025,05/02/2025,"LIME*RIDE 3I3N 8885463345 CAAPPLE PAY ENDING IN 1642",5.51,"Travel/ Entertainment"
05/02/2025,05/02/2025,"UBER *TRIP 866-576-1039 CAITEM TRANSFERRED FROM PREV ACCOUNT",8.92,"Merchandise"
05/03/2025,05/03/2025,"APPLE.COM/BILL 866-712-7753 CAMNY4Q0NF9KA0",11.68,"Merchandise"
05/03/2025,05/03/2025,"INTERNET PAYMENT - THANK YOU",-150.00,"Payments and Credits"
05/03/2025,05/03/2025,"LIME*RIDE 3I3N 8885463345 CAAPPLE PAY ENDING IN 1642",5.51,"Travel/ Entertainment"
05/03/2025,05/03/2025,"UBER *TRIP 866-576-1039 CAITEM TRANSFERRED FROM PREV ACCOUNT",9.91,"Merchandise"
05/03/2025,05/03/2025,"UBER TRIP* TRIP 8665761039 CAITEM TRANSFERRED FROM PREV ACCOUNT",15.94,"Merchandise"
05/04/2025,05/04/2025,"DD *DOORDASH WENDYS 855-973-1040 CAAPPLE PAY ENDING IN 1642",14.74,"Restaurants"
05/04/2025,05/04/2025,"PY *STORAGEMART 0852 CHICAGO IL",49.63,"Services"
05/05/2025,05/05/2025,"AMAZON MKTPL*NB6FF5571 AMZN.COM/BILLWA6B3KNNA5FYW",14.32,"Merchandise"
05/05/2025,05/05/2025,"INTERNET PAYMENT - THANK YOU",-400.00,"Payments and Credits"
05/05/2025,05/05/2025,"LIME*2 RIDES 3I3N 8885463345 CAAPPLE PAY ENDING IN 1642",11.50,"Travel/ Entertainment"
05/05/2025,05/05/2025,"UBER *ONE 866-576-1039 CAITEM TRANSFERRED FROM PREV ACCOUNT",9.99,"Merchandise"
05/07/2025,05/07/2025,"DD *DOORDASH THEHOMEDE 855-973-1040 CAAPPLE PAY ENDING IN 1642",16.81,"Restaurants"
05/09/2025,05/09/2025,"AMAZON MKTPL*NI38H7TQ0 AMZN.COM/BILLWA54AKVABZMIT",14.13,"Merchandise"
05/11/2025,05/11/2025,"WWW.CSCSW.COM 8556624685 NYAPPLE PAY ENDING IN 1642",5.00,"Services"
05/15/2025,05/15/2025,"INTERNET PAYMENT - THANK YOU",-2000.00,"Payments and Credits"
05/18/2025,05/18/2025,"APPLE.COM/BILL 866-712-7753 CAMNY4SMH10TA0",14.11,"Merchandise"
05/18/2025,05/18/2025,"CINEMARK PLANO TX",11.90,"Travel/ Entertainment"
05/18/2025,05/18/2025,"INTERNET PAYMENT - THANK YOU",-25.00,"Payments and Credits"
05/18/2025,05/18/2025,"ROBLOX 1.888.858.2569 8888582569 CA",10.61,"Merchandise"
05/18/2025,06/06/2025,"CINEMARK PLANO TXREVERSAL OF TEMPORARY CREDIT",11.90,"Merchandise"
05/20/2025,05/20/2025,"INTERNET PAYMENT - THANK YOU",-500.00,"Payments and Credits"
05/21/2025,05/21/2025,"OPENAI *CHATGPT SUBSCR 4158799686 CA",21.28,"Merchandise"
05/21/2025,05/21/2025,"ROBLOX 1.888.858.2569 8888582569 CA",5.30,"Merchandise"
05/21/2025,05/21/2025,"UBER *EATS 866-576-1039 CAAPPLE PAY ENDING IN 1642",14.01,"Restaurants"
05/22/2025,05/22/2025,"DD *DOORDASH DOLLARGEN 6506819470 CA",10.65,"Restaurants"
05/22/2025,05/22/2025,"INTERNET PAYMENT - THANK YOU",-105.90,"Payments and Credits"
05/23/2025,05/23/2025,"FINISH LINE 888-777-3949 IN",86.60,"Merchandise"
05/23/2025,05/23/2025,"RBLX PREM 18888582569 8888582569 CA",5.30,"Merchandise"
05/26/2025,05/26/2025,"DD *DOORDASH7-ELEVEN 855-973-1040 CAAPPLE PAY ENDING IN 1642",14.68,"Restaurants"
05/26/2025,05/26/2025,"DD *DOORDASHSTRIPES 855-973-1040 CAAPPLE PAY ENDING IN 1642",14.65,"Restaurants"
05/26/2025,05/26/2025,"DD *DOORDASHWENDYS 855-973-1040 CAAPPLE PAY ENDING IN 1642",12.86,"Restaurants"
05/26/2025,05/26/2025,"INTEREST CHARGE ON PURCHASES",121.51,"Interest"
05/26/2025,05/27/2025,"AMAZON MKTPL*NN8207SF2 AMZN.COM/BILLWA2GR0GW04LWE",37.81,"Merchandise"
05/26/2025,05/27/2025,"APPLE.COM/BILL 866-712-7753 CAMNY4TH1WJ2A0",2.99,"Merchandise"
05/27/2025,05/27/2025,"ALDI 62066 CHICAGO ILAPPLE PAY ENDING IN 1642",5.28,"Supermarkets"
05/27/2025,05/27/2025,"BURGER KING #22995 CHICAGO ILAPPLE PAY ENDING IN 1642",5.29,"Restaurants"
05/27/2025,05/27/2025,"BURGER KING #22995 CHICAGO ILAPPLE PAY ENDING IN 1642",6.63,"Restaurants"
05/27/2025,05/27/2025,"BURGER KING #22995 CHICAGO ILAPPLE PAY ENDING IN 1642",6.63,"Restaurants"
05/27/2025,05/27/2025,"SAMS STORE 08250 MCALLEN TX",30.62,"Warehouse Clubs"
05/28/2025,05/28/2025,"AMAZON MKTPL*N60F91F92 AMZN.COM/BILLWA4Z6NVSHT9WB",5.30,"Merchandise"
05/28/2025,05/28/2025,"CASHBACK BONUS REDEMPTION PYMT/STMT CRDT",-11.08,"Awards and Rebate Credits"
05/29/2025,05/18/2025,"ADJUSTMENT - INTEREST CHARGE",-0.08,"Payments and Credits"
05/29/2025,05/18/2025,"CINEMARK PLANO TXTEMPORARY CREDIT PENDING INVESTIGATION",-11.90,"Payments and Credits"
05/29/2025,05/29/2025,"AMAZON MKTPL*N62Q48NA2 AMZN.COM/BILLWA2QBU3EEPCU0",24.43,"Merchandise"
05/29/2025,05/29/2025,"AMAZON MKTPL*N670W2AC2 AMZN.COM/BILLWA25NFQRTXINV",14.60,"Merchandise"
05/29/2025,05/29/2025,"DD *DOORDASHTROPICALSM 855-973-1040 CAAPPLE PAY ENDING IN 1642",14.59,"Restaurants"
05/29/2025,05/29/2025,"INTERNET PAYMENT - THANK YOU",-12.00,"Payments and Credits"
05/29/2025,05/29/2025,"NETFLIX.COM NETFLIX.COM CAEUBEASS860SEHULIDMAJK1",19.11,"Services"
05/29/2025,05/29/2025,"ULTA.COM 866-983-8582 IL",47.18,"Merchandise"
05/29/2025,05/29/2025,"WWW.CSCSW.COM 8556624685 NYAPPLE PAY ENDING IN 1642",5.25,"Services"
05/29/2025,05/30/2025,"AMAZON MKTPLACE PMTS AMZN.COM/BILLWA5A1HD6ECLSO",-14.32,"Payments and Credits"
05/29/2025,05/30/2025,"AMAZON MKTPLACE PMTS AMZN.COM/BILLWA1SJTE9KLHBV",-1.15,"Payments and Credits"
05/29/2025,05/30/2025,"AMAZON.COM AMZN.COM/BILLWA3IDAXIYS8DG",-8.58,"Payments and Credits"
05/30/2025,05/30/2025,"AMAZON MKTPL*N690031Z2 AMZN.COM/BILLWA1F7GJTEHZNI",9.55,"Merchandise"
05/30/2025,05/30/2025,"CASHBACK BONUS REDEMPTION PYMT/STMT CRDT",-10.97,"Awards and Rebate Credits"
05/30/2025,05/30/2025,"INTERNET PAYMENT - THANK YOU",-311.03,"Payments and Credits"
05/31/2025,05/31/2025,"UBER *TRIP 866-576-1039 CAAPPLE PAY ENDING IN 1642",30.73,"Travel/ Entertainment"
06/01/2025,04/26/2025,"ADJUSTMENT - INTEREST CHARGE",-0.52,"Payments and Credits"
06/01/2025,04/26/2025,"CINEMARK PLANO TXTEMPORARY CREDIT PENDING INVESTIGATION",-11.90,"Payments and Credits"
06/01/2025,04/26/2025,"CINEMARK PLANO TXTEMPORARY CREDIT PENDING INVESTIGATION",-11.90,"Payments and Credits"
06/01/2025,06/01/2025,"UBER *TRIP 866-576-1039 CAAPPLE PAY ENDING IN 1642",44.19,"Travel/ Entertainment"
06/03/2025,06/03/2025,"APPLE.COM/BILL 866-712-7753 CAMNY4V9JS8QA0",11.68,"Merchandise"
06/04/2025,06/04/2025,"360TRAINING.COM 512-539-2740 TX",7.99,"Education"
06/04/2025,06/04/2025,"UBER *ONE 866-576-1039 CAITEM TRANSFERRED FROM PREV ACCOUNT",9.99,"Merchandise"
06/09/2025,06/09/2025,"AMAZON MKTPL*NH59G9AV1 AMZN.COM/BILLWA4PIFK2QZYN4",9.73,"Merchandise"
06/12/2025,04/26/2025,"ADJUSTMENT - INTEREST CHARGE",-0.26,"Payments and Credits"
06/12/2025,04/26/2025,"UNRECOGNIZED TRAN CHRGBKAN ADJUSTMENT TO YOUR ACCOUNT",-11.90,"Payments and Credits"
06/12/2025,06/12/2025,"INTEREST CHARGE REFUND",-0.34,"Payments and Credits"
06/13/2025,06/13/2025,"DD *DOORDASH STRIPES 6506819470 CA",10.66,"Restaurants"
06/14/2025,06/14/2025,"AMAZON MKTPL*NA29X4R72 AMZN.COM/BILLWA2AH7S8SDJV7",177.93,"Merchandise"
06/14/2025,06/14/2025,"AMAZON MKTPL*NA7UY3NM0 AMZN.COM/BILLWA6WHKURA09HZ",90.83,"Merchandise"
06/14/2025,06/14/2025,"DD *DOORDASHWHATABURGE 855-973-1040 CAAPPLE PAY ENDING IN 1642",16.03,"Restaurants"
06/14/2025,06/14/2025,"LA DOBLE M MCALLEN TX",160.22,"Restaurants"
06/14/2025,06/14/2025,"SE40696 EDINBURG TXAPPLE PAY ENDING IN 1642",4.63,"Gasoline"
06/14/2025,06/14/2025,"SP NUEZ DE AZAHAR MCALLEN TX",14.62,"Merchandise"
06/15/2025,06/15/2025,"DD *DOORDASHSTARBUCKS 855-973-1040 CAAPPLE PAY ENDING IN 1642",18.04,"Restaurants"
06/15/2025,06/15/2025,"SE40696 EDINBURG TXAPPLE PAY ENDING IN 1642",1.12,"Gasoline"
06/16/2025,06/16/2025,"SAMS FUEL 08250 MCALLEN TX",18.94,"Gasoline"
06/17/2025,06/17/2025,"DD *DOORDASH CHIPOTLEM 6506819470 CA",14.76,"Restaurants"
06/17/2025,06/17/2025,"H-E-B #172 EDINBURG TXAPPLE PAY ENDING IN 1642",3.64,"Supermarkets"
06/17/2025,06/17/2025,"STARBUCKS STORE 66470 PHARR TXCFF19312D70D729167",14.56,"Restaurants"
06/18/2025,06/18/2025,"AMAZON MKTPL*NA8VT9K50 AMZN.COM/BILLWA5I3OYZRV41S",90.30,"Merchandise"
06/18/2025,06/18/2025,"APPLE.COM/BILL 866-712-7753 CAMNY4X0D2MTA0",14.11,"Merchandise"
06/18/2025,06/18/2025,"CINEMARK CINEMARK.COM TX",11.90,"Travel/ Entertainment"
06/18/2025,06/18/2025,"EL GRANO DE ORO 4 LLC EDINBURG TXAPPLE PAY ENDING IN 1642",2.09,"Supermarkets"
06/18/2025,06/18/2025,"ROSS STORES #1269 EDINBURG TX",30.25,"Merchandise"
06/18/2025,06/18/2025,"T J MAXX #1127 EDINBURG TXAPPLE PAY ENDING IN 1642",18.39,"Merchandise"
06/20/2025,06/20/2025,"INTERNET PAYMENT - THANK YOU",-240.00,"Payments and Credits"
06/21/2025,06/21/2025,"AMAZON MKTPL*NQ9JJ1CB2 AMZN.COM/BILLWA4AX8HAA8DKB",63.74,"Merchandise"
06/23/2025,06/23/2025,"RBLX PREM 18888582569 8888582569 CA",5.30,"Merchandise"
06/23/2025,06/23/2025,"SAMS FUEL 08250 MCALLEN TX",19.75,"Gasoline"
06/23/2025,06/23/2025,"STAPLES 00111070105 PHARR TX",3.29,"Merchandise"
06/23/2025,06/24/2025,"AMAZON MKTPLACE PMTS AMZN.COM/BILLWA7IBIPIGQ9RW",-90.83,"Payments and Credits"
06/24/2025,06/24/2025,"INTERNET PAYMENT - THANK YOU",-444.00,"Payments and Credits"
06/26/2025,06/26/2025,"INTEREST CHARGE ON PURCHASES",96.10,"Interest"
06/26/2025,06/26/2025,"INTERNET PAYMENT - THANK YOU",-560.00,"Payments and Credits"
06/26/2025,06/27/2025,"APPLE.COM/BILL 866-712-7753 CAMNY4XX2KYWA0",2.99,"Merchandise"
06/27/2025,06/27/2025,"APPLE.COM/BILL 866-712-7753 CAMNY4WWS4LVA0",14.86,"Merchandise"
06/27/2025,06/27/2025,"INTERNET PAYMENT - THANK YOU",-14.86,"Payments and Credits"
06/28/2025,06/28/2025,"DOLLAR GENERAL #13269 EDINBURG TXAPPLE PAY ENDING IN 1642",23.78,"Merchandise"
06/28/2025,06/28/2025,"NETFLIX.COM NETFLIX.COM CANETFLIX.COM",19.11,"Services"
07/01/2025,07/01/2025,"PY *STORAGEMART 0852 CHICAGO IL",89.97,"Services"
07/01/2025,07/01/2025,"SAMS FUEL 08250 MCALLEN TX",21.34,"Gasoline"
07/01/2025,07/01/2025,"STAPLES 00111070105 PHARR TX",2.47,"Merchandise"
07/02/2025,07/02/2025,"APPLE.COM/BILL 866-712-7753 CAMNY4YL0X62A0",84.99,"Merchandise"
07/02/2025,07/02/2025,"CASHBACK BONUS REDEMPTION PYMT/STMT CRDT",-14.42,"Awards and Rebate Credits"
07/02/2025,07/02/2025,"H-E-B #172 EDINBURG TX",16.95,"Supermarkets"
07/02/2025,07/02/2025,"INTERNET PAYMENT - THANK YOU",-30.58,"Payments and Credits"
07/02/2025,07/04/2025,"H-E-B #172 EDINBURG TX",-16.95,"Payments and Credits"
07/04/2025,07/04/2025,"UBER *ONE 866-576-1039 CAITEM TRANSFERRED FROM PREV ACCOUNT",9.99,"Merchandise"
07/05/2025,07/05/2025,"DOLLAR GENERAL #11415 EDINBURG TXAPPLE PAY ENDING IN 1642",22.58,"Merchandise"
07/06/2025,07/06/2025,"H-E-B #172 EDINBURG TX",11.42,"Supermarkets"
07/07/2025,07/02/2025,"REPRESENTED INTERNET PAYMENT - THANK YOU",-30.58,"Payments and Credits"
07/07/2025,07/02/2025,"RETURNED INTERNET PMT",30.58,"Payments and Credits"
07/07/2025,07/07/2025,"INTERNET PAYMENT - THANK YOU",-165.00,"Payments and Credits"
07/07/2025,07/07/2025,"RETURNED CHECK CHARGE",30.00,"Fees"
07/07/2025,07/07/2025,"SAMS FUEL 08250 MCALLEN TX",16.09,"Gasoline"
07/15/2025,07/15/2025,"CHICK-FIL-A #03926 9562920120 TXAPPLE PAY ENDING IN 1642",7.52,"Restaurants"
07/16/2025,07/16/2025,"CINEMARK 1080 RSTBAR EDINBURG TX",16.24,"Restaurants"
07/16/2025,07/16/2025,"INTERNET PAYMENT - THANK YOU",-570.00,"Payments and Credits"
07/18/2025,07/18/2025,"APPLE.COM/BILL 866-712-7753 CAMNY50DB77MA0",14.11,"Merchandise"
07/18/2025,07/18/2025,"CINEMARK CINEMARK.COM TX",11.90,"Travel/ Entertainment"
07/18/2025,07/18/2025,"EL GRANO DE ORO 4 LLC EDINBURG TX",27.64,"Supermarkets"
07/18/2025,07/20/2025,"$100 REFER A FRIEND CREDIT",-100.00,"Awards and Rebate Credits"
07/19/2025,07/19/2025,"APPLE.COM/BILL 866-712-7753 CAMNY4Z8YGK6A0",6.36,"Merchandise"
07/19/2025,07/19/2025,"JUNIORS SUPERMARKETSSS EDINBURG TX",5.78,"Supermarkets"
07/19/2025,07/19/2025,"MCDONALD'S F34823 EDINBURG TXAPPLE PAY ENDING IN 1642",9.41,"Restaurants"
07/20/2025,07/20/2025,"DOLLAR GENERAL #13269 EDINBURG TX",18.73,"Merchandise"
07/20/2025,07/20/2025,"STARBUCKS STORE 19967 EDINBURG TXAPPLE PAY ENDING IN 16425EEDCA331488707444",9.56,"Restaurants"
07/20/2025,07/20/2025,"VERAS KING O MEATS 1 - E EDINBURG TX",13.30,"Supermarkets"
07/21/2025,07/21/2025,"AMAZON MKTPL*ZL0BS7DF3 AMZN.COM/BILLWA38GEI4JBU7A",32.92,"Merchandise"
07/21/2025,07/21/2025,"NETFLIX.COM LOS GATOS CA",19.11,"Services"
07/22/2025,07/22/2025,"DOLLAR GENERAL #13269 EDINBURG TXAPPLE PAY ENDING IN 1642",14.88,"Merchandise"
07/22/2025,07/22/2025,"SAMS FUEL 04850 MCALLEN TX",22.81,"Gasoline"
07/23/2025,07/23/2025,"RBLX PREM 18888582569 8888582569 CA",5.30,"Merchandise"
07/24/2025,07/24/2025,"INTERNET PAYMENT - THANK YOU",-100.00,"Payments and Credits"
07/24/2025,07/27/2025,"WALMART.COM 8009256278 BENTONVILLE AR",47.95,"Merchandise"
07/26/2025,07/26/2025,"INTEREST CHARGE ON PURCHASES",78.78,"Interest"
07/26/2025,07/27/2025,"AGUILARS MEAT MARKET INC EDINBURG TX",8.49,"Supermarkets"
07/26/2025,07/27/2025,"APPLE.COM/BILL 866-712-7753 CAMNY518DDH7A0",2.99,"Merchandise"
07/26/2025,07/27/2025,"H-E-B #172 EDINBURG TX",9.95,"Supermarkets"
07/27/2025,07/27/2025,"AMAZON MKTPL*GC0H01TZ3 AMZN.COM/BILLWA7F6G3GW6VLZ",24.64,"Merchandise"
07/28/2025,07/28/2025,"CASHBACK BONUS REDEMPTION PYMT/STMT CRDT",-8.06,"Awards and Rebate Credits"
07/28/2025,07/28/2025,"INTERNET PAYMENT - THANK YOU",-23.57,"Payments and Credits"
07/28/2025,07/28/2025,"SAMS FUEL 04850 MCALLEN TX",23.35,"Gasoline"
07/28/2025,07/28/2025,"SAMS STORE 08250 MCALLEN TX",46.96,"Warehouse Clubs"
07/28/2025,07/28/2025,"SUNOCO 0071103600 PHARR TXAPPLE PAY ENDING IN 1642",5.79,"Gasoline"
07/28/2025,07/28/2025,"TARGET 00008243091 MCALLEN TXAPPLE PAY ENDING IN 1642",32.46,"Merchandise"
07/29/2025,07/29/2025,"WALMART STORE 03886 EDINBURG TX",31.37,"Merchandise"
07/29/2025,07/29/2025,"WINGSTOP 2678 224-232-5535 TXAPPLE PAY ENDING IN 1642",6.27,"Restaurants"
07/29/2025,07/29/2025,"WINGSTOP 439 224-232-5535 TXAPPLE PAY ENDING IN 1642",6.27,"Restaurants"
07/29/2025,07/30/2025,"WALMART SC 03886 EDINBURG TX",-15.48,"Payments and Credits"
07/30/2025,07/30/2025,"SE40696 EDINBURG TXAPPLE PAY ENDING IN 1642",7.23,"Gasoline"
07/30/2025,07/30/2025,"WHATABURGER 793 Q26 956-287-9602 TXAPPLE PAY ENDING IN 1642DO159362641",9.73,"Restaurants"
07/31/2025,07/31/2025,"FAMILY DOLLAR PHARR TXAPPLE PAY ENDING IN 1642",16.24,"Merchandise"
07/31/2025,07/31/2025,"INTERNET PAYMENT - THANK YOU",-16.50,"Payments and Credits"
08/01/2025,08/01/2025,"INTERNET PAYMENT - THANK YOU",-57.00,"Payments and Credits"
08/01/2025,08/01/2025,"PY *STORAGEMART 0852 CHICAGO IL",89.97,"Services"
08/02/2025,08/02/2025,"HIBBETT RADIAL.COM AL",58.44,"Merchandise"
08/02/2025,08/02/2025,"INTERNET PAYMENT - THANK YOU",-150.00,"Payments and Credits"
08/02/2025,08/02/2025,"LA REYNA BAKERY 2 PHARR TX",3.12,"Merchandise"
08/02/2025,08/02/2025,"TARGET.COM 800-591-3869 MN",39.57,"Merchandise"
08/02/2025,08/02/2025,"WALMART STORE 05809 EDINBURG TX",4.97,"Merchandise"
08/02/2025,08/02/2025,"WALMART STORE 05809 EDINBURG TX",12.58,"Merchandise"
08/02/2025,08/02/2025,"WALMART STORE 05809 EDINBURG TX",30.10,"Merchandise"
08/03/2025,08/03/2025,"DUTCH BROS TX5507 SAN JU SAN JUAN TXAPPLE PAY ENDING IN 1642",13.10,"Restaurants"
08/03/2025,08/03/2025,"LITTLE CAESARS 707 PHARR TX",4.22,"Restaurants"
08/03/2025,08/03/2025,"WALMART STORE 05165 ALAMO TX",6.46,"Merchandise"
08/04/2025,08/04/2025,"INTERNET PAYMENT - THANK YOU",-565.00,"Payments and Credits"
08/04/2025,08/04/2025,"INTERNET PAYMENT - THANK YOU",-45.00,"Payments and Credits"
08/04/2025,08/04/2025,"UBER *ONE 866-576-1039 CAITEM TRANSFERRED FROM PREV ACCOUNT",9.99,"Merchandise"
08/05/2025,08/05/2025,"INTERNET PAYMENT - THANK YOU",-41.00,"Payments and Credits"
08/05/2025,08/05/2025,"SAMS FUEL 04850 MCALLEN TX",25.00,"Gasoline"
08/05/2025,08/05/2025,"SAMS STORE 04850 MCALLEN TX",14.72,"Warehouse Clubs"
08/06/2025,08/06/2025,"ACADEMY.COM 888-922-2336 TX466570335",31.84,"Merchandise"
08/06/2025,08/06/2025,"INTERNET PAYMENT - THANK YOU",-500.00,"Payments and Credits"
08/06/2025,08/07/2025,"HIBBETT RETAIL INC MCALLEN TX",-58.44,"Payments and Credits"
08/07/2025,08/07/2025,"TIKTOK SHOP 650-584-0896 CAAPPLE PAY ENDING IN 1642",9.16,"Merchandise"
08/09/2025,08/09/2025,"H-E-B #172 EDINBURG TXAPPLE PAY ENDING IN 1642",34.98,"Supermarkets"
08/11/2025,08/11/2025,"WALMART.COM 800-925-6278 AR",58.43,"Merchandise"
08/12/2025,08/12/2025,"INTERNET PAYMENT - THANK YOU",-79.73,"Payments and Credits"
08/12/2025,08/12/2025,"SAMS FUEL 04850 MCALLEN TX",23.78,"Gasoline"
08/12/2025,08/12/2025,"WALMART.COM 8009256278 BENTONVILLE AR",56.23,"Merchandise"
08/13/2025,08/13/2025,"INTERNET PAYMENT - THANK YOU",-35.85,"Payments and Credits"
08/13/2025,08/13/2025,"SAMS STORE 04850 MCALLEN TX",628.99,"Warehouse Clubs"
08/14/2025,08/14/2025,"WALMART STORE 03886 EDINBURG TX",25.99,"Merchandise"
08/15/2025,08/15/2025,"AGUILARS MEAT MARKET INC EDINBURG TXAPPLE PAY ENDING IN 1642",7.86,"Supermarkets"
08/16/2025,08/16/2025,"SUNOCO 0071103600 PHARR TX",24.36,"Gasoline"
08/16/2025,08/16/2025,"WALMART STORE 05809 EDINBURG TX",1.77,"Merchandise"
08/17/2025,08/17/2025,"AMAZON MKTPL*0J7HY0PY3 AMZN.COM/BILLWA6IYF8XT8UNV",19.74,"Merchandise"
08/17/2025,08/17/2025,"BORDER TOWN FOODS EDINBURG TX",10.39,"Supermarkets"
08/17/2025,08/17/2025,"VERAS KING O MEATS 1 - E EDINBURG TX",19.19,"Supermarkets"
08/18/2025,08/18/2025,"APPLE.COM/BILL 866-712-7753 CAMNY53TVJ94A0",14.11,"Merchandise"
08/18/2025,08/18/2025,"CINEMARK CINEMARK.COM TX",11.90,"Travel/ Entertainment"
08/18/2025,08/18/2025,"INTERNET PAYMENT - THANK YOU",-150.00,"Payments and Credits"
08/18/2025,08/18/2025,"WALMART STORE 05809 EDINBURG TX",3.21,"Merchandise"
08/19/2025,08/19/2025,"INTERNET PAYMENT - THANK YOU",-442.53,"Payments and Credits"
08/19/2025,08/19/2025,"STATE FARM INSURANCE 800-956-6310 IL",217.42,"Services"
08/20/2025,08/20/2025,"INTERNET PAYMENT - THANK YOU",-530.00,"Payments and Credits"
08/21/2025,08/21/2025,"FAMILY DOLLAR PHARR TXAPPLE PAY ENDING IN 1642",17.32,"Merchandise"
08/21/2025,08/21/2025,"INTERNET PAYMENT - THANK YOU",-34.50,"Payments and Credits"
08/21/2025,08/21/2025,"NETFLIX.COM NETFLIX.COM CAC9Y0BUD6ZB0817O7LFKEM1",19.11,"Services"
08/21/2025,08/21/2025,"SAMS FUEL 08250 MCALLEN TX",37.01,"Gasoline"
08/22/2025,08/22/2025,"AMAZON MKTPL*DZ8551NJ3 AMZN.COM/BILLWA3RXT09DJH8I",10.57,"Merchandise"
08/22/2025,08/22/2025,"INTERNET PAYMENT - THANK YOU",-157.00,"Payments and Credits"
08/22/2025,08/22/2025,"WALMART.COM 800-925-6278 AR",118.73,"Merchandise"
08/23/2025,08/23/2025,"H-E-B #431 EDINBURG TXAPPLE PAY ENDING IN 1642",23.42,"Supermarkets"
08/23/2025,08/23/2025,"RBLX PREM 18888582569 8888582569 CA",5.30,"Merchandise"
08/23/2025,08/23/2025,"SAMSCLUB.COM 6279 888-746-7726 TX",36.49,"Warehouse Clubs"
08/24/2025,08/24/2025,"AMAZON MKTPL*HQ2MO2X93 AMZN.COM/BILLWA1Y84PY9HQJ9",21.78,"Merchandise"
08/24/2025,08/24/2025,"AMAZON MKTPL*TI6M27VS3 AMZN.COM/BILLWA6FD5NJHGPYS",35.57,"Merchandise"
08/25/2025,08/25/2025,"WALMART.COM 8009256278 BENTONVILLE AR",44.64,"Merchandise"
08/25/2025,08/26/2025,"TARGET 00008243091 MCALLEN TX",-27.10,"Payments and Credits"
08/26/2025,08/22/2025,"REPRESENTED INTERNET PAYMENT - THANK YOU",-157.00,"Payments and Credits"
08/26/2025,08/22/2025,"RETURNED INTERNET PMT",157.00,"Payments and Credits"
08/26/2025,08/26/2025,"INTEREST CHARGE ON PURCHASES",67.20,"Interest"
08/26/2025,08/26/2025,"RETURNED CHECK CHARGE",30.00,"Fees"
